========================================
Running LogicFL for: Chart-2
Load configurations from config.properties
Load configurations from config.properties
Collecting coverage from failed tests...
Running Tests...
Executing command - /usr/bin/java -Xms256m -Xmx1024m -classpath ../../lib/*:lib/Chart-2_buggy_src.jar:lib/Chart-2_fixed_test.jar -javaagent:../../lib/jacocoagent.jar=excludes=org.junit.*,append=false,destfile=/home/mario/Desktop/LogicFL/defects4j/Chart-2/result/jacoco.exec logicfl.coverage.JUnit4TestRunner config.properties true /home/mario/Desktop/LogicFL/defects4j/Chart-2/result/npe.traces.json /home/mario/Desktop/LogicFL/defects4j/Chart-2/tests.json
Load configurations from config.properties
Loading test information from /home/mario/Desktop/LogicFL/defects4j/Chart-2/tests.json
Test execution summary:
Tests executed - 2
Tests succeeded - 0
Tests failed - 2
testBug2849731_2(org.jfree.data.general.junit.DatasetUtilitiesTests): Cannot invoke "org.jfree.data.Range.getLowerBound()" because "r" is null
Cannot invoke "org.jfree.data.Range.getLowerBound()" because "r" is null
java.lang.NullPointerException: Cannot invoke "org.jfree.data.Range.getLowerBound()" because "r" is null
	at org.jfree.data.general.junit.DatasetUtilitiesTests.testBug2849731_2(DatasetUtilitiesTests.java:1276)
	at java.base/jdk.internal.reflect.NativeMethodAccessorImpl.invoke0(Native Method)
	at java.base/jdk.internal.reflect.NativeMethodAccessorImpl.invoke(NativeMethodAccessorImpl.java:77)
	at java.base/jdk.internal.reflect.DelegatingMethodAccessorImpl.invoke(DelegatingMethodAccessorImpl.java:43)
	at java.base/java.lang.reflect.Method.invoke(Method.java:569)
	at junit.framework.TestCase.runTest(TestCase.java:177)
	at junit.framework.TestCase.runBare(TestCase.java:142)
	at junit.framework.TestResult$1.protect(TestResult.java:122)
	at junit.framework.TestResult.runProtected(TestResult.java:142)
	at junit.framework.TestResult.run(TestResult.java:125)
	at junit.framework.TestCase.run(TestCase.java:130)
	at junit.framework.TestSuite.runTest(TestSuite.java:241)
	at junit.framework.TestSuite.run(TestSuite.java:236)
	at org.junit.internal.runners.JUnit38ClassRunner.run(JUnit38ClassRunner.java:90)
	at org.junit.runner.JUnitCore.run(JUnitCore.java:137)
	at logicfl.coverage.JUnit4TestRunner.main(JUnit4TestRunner.java:36)

testBug2849731_3(org.jfree.data.general.junit.DatasetUtilitiesTests): Cannot invoke "org.jfree.data.Range.getLowerBound()" because "r" is null
Cannot invoke "org.jfree.data.Range.getLowerBound()" because "r" is null
java.lang.NullPointerException: Cannot invoke "org.jfree.data.Range.getLowerBound()" because "r" is null
	at org.jfree.data.general.junit.DatasetUtilitiesTests.testBug2849731_3(DatasetUtilitiesTests.java:1299)
	at java.base/jdk.internal.reflect.NativeMethodAccessorImpl.invoke0(Native Method)
	at java.base/jdk.internal.reflect.NativeMethodAccessorImpl.invoke(NativeMethodAccessorImpl.java:77)
	at java.base/jdk.internal.reflect.DelegatingMethodAccessorImpl.invoke(DelegatingMethodAccessorImpl.java:43)
	at java.base/java.lang.reflect.Method.invoke(Method.java:569)
	at junit.framework.TestCase.runTest(TestCase.java:177)
	at junit.framework.TestCase.runBare(TestCase.java:142)
	at junit.framework.TestResult$1.protect(TestResult.java:122)
	at junit.framework.TestResult.runProtected(TestResult.java:142)
	at junit.framework.TestResult.run(TestResult.java:125)
	at junit.framework.TestCase.run(TestCase.java:130)
	at junit.framework.TestSuite.runTest(TestSuite.java:241)
	at junit.framework.TestSuite.run(TestSuite.java:236)
	at org.junit.internal.runners.JUnit38ClassRunner.run(JUnit38ClassRunner.java:90)
	at org.junit.runner.JUnitCore.run(JUnitCore.java:137)
	at logicfl.coverage.JUnit4TestRunner.main(JUnit4TestRunner.java:36)

Store NPE traces to /home/mario/Desktop/LogicFL/defects4j/Chart-2/result/npe.traces.json
NPE Stack Traces exported to /home/mario/Desktop/LogicFL/defects4j/Chart-2/result/npe.traces.json

Analyzing Coverage Data...
Covered Classes:[org.jfree.data.xy.XYIntervalDataItem, org.jfree.data.event.DatasetChangeEvent, org.jfree.data.xy.XYIntervalSeriesCollection, org.jfree.data.general.DatasetGroup, org.jfree.data.xy.XYInterval, org.jfree.data.ComparableObjectItem, org.jfree.data.event.SeriesChangeEvent, org.jfree.data.general.Series, org.jfree.data.general.junit.DatasetUtilitiesTests, org.jfree.data.general.AbstractDataset, org.jfree.data.general.AbstractSeriesDataset, org.jfree.data.xy.AbstractIntervalXYDataset, org.jfree.data.xy.AbstractXYDataset, org.jfree.data.ComparableObjectSeries, org.jfree.chart.event.DatasetChangeInfo, org.jfree.data.xy.XYIntervalSeries, org.jfree.data.general.DatasetUtilities]
Coverage information exported to /home/mario/Desktop/LogicFL/defects4j/Chart-2/coverage.json
Collecting coverage complete.
Exec. Time - 00:00:00.776
coverage.sh executed successfully.
Getting configurations from config.properties
Total 17 Target classes.
Analyzing class - org.jfree.chart.event.DatasetChangeInfo
Analyzing class - org.jfree.data.ComparableObjectItem
Analyzing class - org.jfree.data.ComparableObjectSeries
Analyzing class - org.jfree.data.event.DatasetChangeEvent
Analyzing class - org.jfree.data.event.SeriesChangeEvent
Analyzing class - org.jfree.data.general.AbstractDataset
Analyzing class - org.jfree.data.general.AbstractSeriesDataset
Analyzing class - org.jfree.data.general.DatasetGroup
Analyzing class - org.jfree.data.general.DatasetUtilities
Analyzing class - org.jfree.data.general.Series
Analyzing class - org.jfree.data.general.junit.DatasetUtilitiesTests
Analyzing class - org.jfree.data.xy.AbstractIntervalXYDataset
Analyzing class - org.jfree.data.xy.AbstractXYDataset
Analyzing class - org.jfree.data.xy.XYInterval
Analyzing class - org.jfree.data.xy.XYIntervalDataItem
Analyzing class - org.jfree.data.xy.XYIntervalSeries
Analyzing class - org.jfree.data.xy.XYIntervalSeriesCollection
Compilation successful!
FL Facts are exported to /home/mario/Desktop/LogicFL/defects4j/Chart-2/result/logic-fl.pl
Code Facts are exported to /home/mario/Desktop/LogicFL/defects4j/Chart-2/result/code-facts.pl
Line matching information exported to /home/mario/Desktop/LogicFL/defects4j/Chart-2/result/line.info.json
Exec. Time - 00:00:06.494
static_analyzer.sh executed successfully.
Getting configurations from config.properties
Load configurations from config.properties
Executing command - /usr/bin/java -Xms256m -Xmx1024m -classpath /home/mario/Desktop/LogicFL/defects4j/Chart-2/result/classes:../../lib/*:lib/Chart-2_buggy_src.jar:lib/Chart-2_fixed_test.jar -javaagent:../../lib/jacocoagent.jar=excludes=org.junit.*,append=false,destfile=/home/mario/Desktop/LogicFL/defects4j/Chart-2/result/jacoco.exec logicfl.coverage.JUnit4TestRunner config.properties true /home/mario/Desktop/LogicFL/defects4j/Chart-2/result/probe.npe.traces.json /home/mario/Desktop/LogicFL/defects4j/Chart-2/tests.json
Load configurations from config.properties
Loading test information from /home/mario/Desktop/LogicFL/defects4j/Chart-2/tests.json
Test execution summary:
Tests executed - 2
Tests succeeded - 0
Tests failed - 2
testBug2849731_2(org.jfree.data.general.junit.DatasetUtilitiesTests): Cannot invoke "org.jfree.data.Range.getLowerBound()" because "v_r_207_line_1276" is null
Cannot invoke "org.jfree.data.Range.getLowerBound()" because "v_r_207_line_1276" is null
java.lang.NullPointerException: Cannot invoke "org.jfree.data.Range.getLowerBound()" because "v_r_207_line_1276" is null
	at org.jfree.data.general.junit.DatasetUtilitiesTests.testBug2849731_2(DatasetUtilitiesTests.java:1293)
	at java.base/jdk.internal.reflect.NativeMethodAccessorImpl.invoke0(Native Method)
	at java.base/jdk.internal.reflect.NativeMethodAccessorImpl.invoke(NativeMethodAccessorImpl.java:77)
	at java.base/jdk.internal.reflect.DelegatingMethodAccessorImpl.invoke(DelegatingMethodAccessorImpl.java:43)
	at java.base/java.lang.reflect.Method.invoke(Method.java:569)
	at junit.framework.TestCase.runTest(TestCase.java:177)
	at junit.framework.TestCase.runBare(TestCase.java:142)
	at junit.framework.TestResult$1.protect(TestResult.java:122)
	at junit.framework.TestResult.runProtected(TestResult.java:142)
	at junit.framework.TestResult.run(TestResult.java:125)
	at junit.framework.TestCase.run(TestCase.java:130)
	at junit.framework.TestSuite.runTest(TestSuite.java:241)
	at junit.framework.TestSuite.run(TestSuite.java:236)
	at org.junit.internal.runners.JUnit38ClassRunner.run(JUnit38ClassRunner.java:90)
	at org.junit.runner.JUnitCore.run(JUnitCore.java:137)
	at logicfl.coverage.JUnit4TestRunner.main(JUnit4TestRunner.java:36)

testBug2849731_3(org.jfree.data.general.junit.DatasetUtilitiesTests): Cannot invoke "org.jfree.data.Range.getLowerBound()" because "v_r_211_line_1299" is null
Cannot invoke "org.jfree.data.Range.getLowerBound()" because "v_r_211_line_1299" is null
java.lang.NullPointerException: Cannot invoke "org.jfree.data.Range.getLowerBound()" because "v_r_211_line_1299" is null
	at org.jfree.data.general.junit.DatasetUtilitiesTests.testBug2849731_3(DatasetUtilitiesTests.java:1336)
	at java.base/jdk.internal.reflect.NativeMethodAccessorImpl.invoke0(Native Method)
	at java.base/jdk.internal.reflect.NativeMethodAccessorImpl.invoke(NativeMethodAccessorImpl.java:77)
	at java.base/jdk.internal.reflect.DelegatingMethodAccessorImpl.invoke(DelegatingMethodAccessorImpl.java:43)
	at java.base/java.lang.reflect.Method.invoke(Method.java:569)
	at junit.framework.TestCase.runTest(TestCase.java:177)
	at junit.framework.TestCase.runBare(TestCase.java:142)
	at junit.framework.TestResult$1.protect(TestResult.java:122)
	at junit.framework.TestResult.runProtected(TestResult.java:142)
	at junit.framework.TestResult.run(TestResult.java:125)
	at junit.framework.TestCase.run(TestCase.java:130)
	at junit.framework.TestSuite.runTest(TestSuite.java:241)
	at junit.framework.TestSuite.run(TestSuite.java:236)
	at org.junit.internal.runners.JUnit38ClassRunner.run(JUnit38ClassRunner.java:90)
	at org.junit.runner.JUnitCore.run(JUnitCore.java:137)
	at logicfl.coverage.JUnit4TestRunner.main(JUnit4TestRunner.java:36)

Store NPE traces to /home/mario/Desktop/LogicFL/defects4j/Chart-2/result/probe.npe.traces.json
NPE Stack Traces exported to /home/mario/Desktop/LogicFL/defects4j/Chart-2/result/probe.npe.traces.json

Covered Classes:[org.jfree.data.event.DatasetChangeEvent, org.jfree.data.xy.AbstractIntervalXYDataset, org.jfree.data.general.AbstractDataset, org.jfree.data.xy.AbstractXYDataset, org.jfree.data.general.junit.DatasetUtilitiesTests, org.jfree.data.ComparableObjectItem, org.jfree.data.general.DatasetUtilities, org.jfree.data.xy.XYInterval, org.jfree.data.general.Series, org.jfree.chart.event.DatasetChangeInfo, org.jfree.data.xy.XYIntervalSeriesCollection, org.jfree.data.ComparableObjectSeries, org.jfree.data.xy.XYIntervalDataItem, org.jfree.data.general.AbstractSeriesDataset, org.jfree.data.xy.XYIntervalSeries, org.jfree.data.general.DatasetGroup, org.jfree.data.event.SeriesChangeEvent]
Coverage information exported to /home/mario/Desktop/LogicFL/defects4j/Chart-2/result/probe.coverage.json

val(dataset_utilities_1_expr1, null, line(dataset_utilities_1, 726)).
val(dataset_utilities_1_expr23, null, line(dataset_utilities_1, 1213)).
val(dataset_utilities_tests_1_expr8, null, line(dataset_utilities_tests_1, 1275)).
val(v_r_207, null, line(dataset_utilities_tests_1, 1276)).
val(dataset_utilities_tests_1_expr15, null, line(dataset_utilities_tests_1, 1298)).
val(v_r_211, null, line(dataset_utilities_tests_1, 1299)).
val(p_description_184, null, line(series_1, 118)).
val(p_summary_43, null, line(series_change_event_1, 83)).


Exec. Time - 00:00:06.886
dynamic_analyzer.sh executed successfully.
Getting configurations from config.properties
Running Fault Localizer with
Rules: ../../lib/npe-rules.pl
Facts: /home/mario/Desktop/LogicFL/defects4j/Chart-2/result/logic-fl.pl
Code Facts: /home/mario/Desktop/LogicFL/defects4j/Chart-2/result/code-facts.pl
consult Succeeded
NPE at line(dataset_utilities_tests_1, 1276) / Null Expression v_r_207[r]
	can be caused by 
dataset_utilities_1_literal5[null] at line(dataset_utilities_1, 780).

NPE at line(dataset_utilities_tests_1, 1299) / Null Expression v_r_211[r]
	can be caused by 
dataset_utilities_1_literal9[null] at line(dataset_utilities_1, 1284).

Total 2 Identified Fault Locations for NPE.
Exec. Time - 00:00:00.151
localizer.sh executed successfully.
All scripts executed successfully.
Test results (Chart-2):
  Passed test classes: 3
  Failed test classes: 2
  Failed tests: 2
  Failed test list:
    - org.jfree.data.general.junit.DatasetUtilitiesTests::testBug2849731_2
    - org.jfree.data.general.junit.DatasetUtilitiesTests::testBug2849731_3
Completed: Chart-2
========================================

========================================
Running LogicFL for: Chart-4
Load configurations from config.properties
Load configurations from config.properties
Collecting coverage from failed tests...
Running Tests...
Executing command - /usr/bin/java -Xms256m -Xmx1024m -classpath ../../lib/*:lib/Chart-4_buggy_src.jar:lib/Chart-4_fixed_test.jar -javaagent:../../lib/jacocoagent.jar=excludes=org.junit.*,append=false,destfile=/home/mario/Desktop/LogicFL/defects4j/Chart-4/result/jacoco.exec logicfl.coverage.JUnit4TestRunner config.properties true /home/mario/Desktop/LogicFL/defects4j/Chart-4/result/npe.traces.json /home/mario/Desktop/LogicFL/defects4j/Chart-4/tests.json
Load configurations from config.properties
Loading test information from /home/mario/Desktop/LogicFL/defects4j/Chart-4/tests.json
Test execution summary:
Tests executed - 22
Tests succeeded - 0
Tests failed - 22
testDrawWithNullInfo(org.jfree.chart.junit.XYStepChartTests): Cannot invoke "org.jfree.chart.renderer.xy.XYItemRenderer.getAnnotations()" because "r" is null
Cannot invoke "org.jfree.chart.renderer.xy.XYItemRenderer.getAnnotations()" because "r" is null
java.lang.NullPointerException: Cannot invoke "org.jfree.chart.renderer.xy.XYItemRenderer.getAnnotations()" because "r" is null
	at org.jfree.chart.plot.XYPlot.getDataRange(XYPlot.java:4493)
	at org.jfree.chart.axis.DateAxis.autoAdjustRange(DateAxis.java:1286)
	at org.jfree.chart.axis.DateAxis.configure(DateAxis.java:719)
	at org.jfree.chart.axis.Axis.setPlot(Axis.java:1044)
	at org.jfree.chart.plot.XYPlot.<init>(XYPlot.java:660)
	at org.jfree.chart.ChartFactory.createXYStepChart(ChartFactory.java:1792)
	at org.jfree.chart.junit.XYStepChartTests.createChart(XYStepChartTests.java:177)
	at org.jfree.chart.junit.XYStepChartTests.setUp(XYStepChartTests.java:96)
	at junit.framework.TestCase.runBare(TestCase.java:140)
	at junit.framework.TestResult$1.protect(TestResult.java:122)
	at junit.framework.TestResult.runProtected(TestResult.java:142)
	at junit.framework.TestResult.run(TestResult.java:125)
	at junit.framework.TestCase.run(TestCase.java:130)
	at junit.framework.TestSuite.runTest(TestSuite.java:241)
	at junit.framework.TestSuite.run(TestSuite.java:236)
	at org.junit.internal.runners.JUnit38ClassRunner.run(JUnit38ClassRunner.java:90)
	at org.junit.runner.JUnitCore.run(JUnitCore.java:137)
	at logicfl.coverage.JUnit4TestRunner.main(JUnit4TestRunner.java:36)

testSetSeriesToolTipGenerator(org.jfree.chart.junit.XYStepChartTests): Cannot invoke "org.jfree.chart.renderer.xy.XYItemRenderer.getAnnotations()" because "r" is null
Cannot invoke "org.jfree.chart.renderer.xy.XYItemRenderer.getAnnotations()" because "r" is null
java.lang.NullPointerException: Cannot invoke "org.jfree.chart.renderer.xy.XYItemRenderer.getAnnotations()" because "r" is null
	at org.jfree.chart.plot.XYPlot.getDataRange(XYPlot.java:4493)
	at org.jfree.chart.axis.DateAxis.autoAdjustRange(DateAxis.java:1286)
	at org.jfree.chart.axis.DateAxis.configure(DateAxis.java:719)
	at org.jfree.chart.axis.Axis.setPlot(Axis.java:1044)
	at org.jfree.chart.plot.XYPlot.<init>(XYPlot.java:660)
	at org.jfree.chart.ChartFactory.createXYStepChart(ChartFactory.java:1792)
	at org.jfree.chart.junit.XYStepChartTests.createChart(XYStepChartTests.java:177)
	at org.jfree.chart.junit.XYStepChartTests.setUp(XYStepChartTests.java:96)
	at junit.framework.TestCase.runBare(TestCase.java:140)
	at junit.framework.TestResult$1.protect(TestResult.java:122)
	at junit.framework.TestResult.runProtected(TestResult.java:142)
	at junit.framework.TestResult.run(TestResult.java:125)
	at junit.framework.TestCase.run(TestCase.java:130)
	at junit.framework.TestSuite.runTest(TestSuite.java:241)
	at junit.framework.TestSuite.run(TestSuite.java:236)
	at org.junit.internal.runners.JUnit38ClassRunner.run(JUnit38ClassRunner.java:90)
	at org.junit.runner.JUnitCore.run(JUnitCore.java:137)
	at logicfl.coverage.JUnit4TestRunner.main(JUnit4TestRunner.java:36)

testReplaceDataset(org.jfree.chart.junit.XYStepChartTests): Cannot invoke "org.jfree.chart.renderer.xy.XYItemRenderer.getAnnotations()" because "r" is null
Cannot invoke "org.jfree.chart.renderer.xy.XYItemRenderer.getAnnotations()" because "r" is null
java.lang.NullPointerException: Cannot invoke "org.jfree.chart.renderer.xy.XYItemRenderer.getAnnotations()" because "r" is null
	at org.jfree.chart.plot.XYPlot.getDataRange(XYPlot.java:4493)
	at org.jfree.chart.axis.DateAxis.autoAdjustRange(DateAxis.java:1286)
	at org.jfree.chart.axis.DateAxis.configure(DateAxis.java:719)
	at org.jfree.chart.axis.Axis.setPlot(Axis.java:1044)
	at org.jfree.chart.plot.XYPlot.<init>(XYPlot.java:660)
	at org.jfree.chart.ChartFactory.createXYStepChart(ChartFactory.java:1792)
	at org.jfree.chart.junit.XYStepChartTests.createChart(XYStepChartTests.java:177)
	at org.jfree.chart.junit.XYStepChartTests.setUp(XYStepChartTests.java:96)
	at junit.framework.TestCase.runBare(TestCase.java:140)
	at junit.framework.TestResult$1.protect(TestResult.java:122)
	at junit.framework.TestResult.runProtected(TestResult.java:142)
	at junit.framework.TestResult.run(TestResult.java:125)
	at junit.framework.TestCase.run(TestCase.java:130)
	at junit.framework.TestSuite.runTest(TestSuite.java:241)
	at junit.framework.TestSuite.run(TestSuite.java:236)
	at org.junit.internal.runners.JUnit38ClassRunner.run(JUnit38ClassRunner.java:90)
	at org.junit.runner.JUnitCore.run(JUnitCore.java:137)
	at logicfl.coverage.JUnit4TestRunner.main(JUnit4TestRunner.java:36)

testAxisMargins(org.jfree.chart.axis.junit.ValueAxisTests): Cannot invoke "org.jfree.chart.renderer.xy.XYItemRenderer.getAnnotations()" because "r" is null
Cannot invoke "org.jfree.chart.renderer.xy.XYItemRenderer.getAnnotations()" because "r" is null
java.lang.NullPointerException: Cannot invoke "org.jfree.chart.renderer.xy.XYItemRenderer.getAnnotations()" because "r" is null
	at org.jfree.chart.plot.XYPlot.getDataRange(XYPlot.java:4493)
	at org.jfree.chart.axis.NumberAxis.autoAdjustRange(NumberAxis.java:434)
	at org.jfree.chart.axis.NumberAxis.configure(NumberAxis.java:417)
	at org.jfree.chart.axis.Axis.setPlot(Axis.java:1044)
	at org.jfree.chart.plot.XYPlot.<init>(XYPlot.java:660)
	at org.jfree.chart.ChartFactory.createScatterPlot(ChartFactory.java:1490)
	at org.jfree.chart.axis.junit.ValueAxisTests.testAxisMargins(ValueAxisTests.java:234)
	at java.base/jdk.internal.reflect.NativeMethodAccessorImpl.invoke0(Native Method)
	at java.base/jdk.internal.reflect.NativeMethodAccessorImpl.invoke(NativeMethodAccessorImpl.java:77)
	at java.base/jdk.internal.reflect.DelegatingMethodAccessorImpl.invoke(DelegatingMethodAccessorImpl.java:43)
	at java.base/java.lang.reflect.Method.invoke(Method.java:569)
	at junit.framework.TestCase.runTest(TestCase.java:177)
	at junit.framework.TestCase.runBare(TestCase.java:142)
	at junit.framework.TestResult$1.protect(TestResult.java:122)
	at junit.framework.TestResult.runProtected(TestResult.java:142)
	at junit.framework.TestResult.run(TestResult.java:125)
	at junit.framework.TestCase.run(TestCase.java:130)
	at junit.framework.TestSuite.runTest(TestSuite.java:241)
	at junit.framework.TestSuite.run(TestSuite.java:236)
	at org.junit.internal.runners.JUnit38ClassRunner.run(JUnit38ClassRunner.java:90)
	at org.junit.runner.JUnitCore.run(JUnitCore.java:137)
	at logicfl.coverage.JUnit4TestRunner.main(JUnit4TestRunner.java:36)

testSerialization4(org.jfree.chart.junit.JFreeChartTests): Cannot invoke "org.jfree.chart.renderer.xy.XYItemRenderer.getAnnotations()" because "r" is null
Cannot invoke "org.jfree.chart.renderer.xy.XYItemRenderer.getAnnotations()" because "r" is null
java.lang.NullPointerException: Cannot invoke "org.jfree.chart.renderer.xy.XYItemRenderer.getAnnotations()" because "r" is null
	at org.jfree.chart.plot.XYPlot.getDataRange(XYPlot.java:4493)
	at org.jfree.chart.axis.DateAxis.autoAdjustRange(DateAxis.java:1286)
	at org.jfree.chart.axis.DateAxis.configure(DateAxis.java:719)
	at org.jfree.chart.axis.Axis.setPlot(Axis.java:1044)
	at org.jfree.chart.plot.XYPlot.<init>(XYPlot.java:660)
	at org.jfree.chart.ChartFactory.createTimeSeriesChart(ChartFactory.java:1893)
	at org.jfree.chart.junit.JFreeChartTests.testSerialization4(JFreeChartTests.java:448)
	at java.base/jdk.internal.reflect.NativeMethodAccessorImpl.invoke0(Native Method)
	at java.base/jdk.internal.reflect.NativeMethodAccessorImpl.invoke(NativeMethodAccessorImpl.java:77)
	at java.base/jdk.internal.reflect.DelegatingMethodAccessorImpl.invoke(DelegatingMethodAccessorImpl.java:43)
	at java.base/java.lang.reflect.Method.invoke(Method.java:569)
	at junit.framework.TestCase.runTest(TestCase.java:177)
	at junit.framework.TestCase.runBare(TestCase.java:142)
	at junit.framework.TestResult$1.protect(TestResult.java:122)
	at junit.framework.TestResult.runProtected(TestResult.java:142)
	at junit.framework.TestResult.run(TestResult.java:125)
	at junit.framework.TestCase.run(TestCase.java:130)
	at junit.framework.TestSuite.runTest(TestSuite.java:241)
	at junit.framework.TestSuite.run(TestSuite.java:236)
	at org.junit.internal.runners.JUnit38ClassRunner.run(JUnit38ClassRunner.java:90)
	at org.junit.runner.JUnitCore.run(JUnitCore.java:137)
	at logicfl.coverage.JUnit4TestRunner.main(JUnit4TestRunner.java:36)

testXYAutoRange1(org.jfree.chart.axis.junit.LogAxisTests): Cannot invoke "org.jfree.chart.renderer.xy.XYItemRenderer.getAnnotations()" because "r" is null
Cannot invoke "org.jfree.chart.renderer.xy.XYItemRenderer.getAnnotations()" because "r" is null
java.lang.NullPointerException: Cannot invoke "org.jfree.chart.renderer.xy.XYItemRenderer.getAnnotations()" because "r" is null
	at org.jfree.chart.plot.XYPlot.getDataRange(XYPlot.java:4493)
	at org.jfree.chart.axis.NumberAxis.autoAdjustRange(NumberAxis.java:434)
	at org.jfree.chart.axis.NumberAxis.configure(NumberAxis.java:417)
	at org.jfree.chart.axis.Axis.setPlot(Axis.java:1044)
	at org.jfree.chart.plot.XYPlot.<init>(XYPlot.java:660)
	at org.jfree.chart.ChartFactory.createScatterPlot(ChartFactory.java:1490)
	at org.jfree.chart.axis.junit.LogAxisTests.testXYAutoRange1(LogAxisTests.java:260)
	at java.base/jdk.internal.reflect.NativeMethodAccessorImpl.invoke0(Native Method)
	at java.base/jdk.internal.reflect.NativeMethodAccessorImpl.invoke(NativeMethodAccessorImpl.java:77)
	at java.base/jdk.internal.reflect.DelegatingMethodAccessorImpl.invoke(DelegatingMethodAccessorImpl.java:43)
	at java.base/java.lang.reflect.Method.invoke(Method.java:569)
	at junit.framework.TestCase.runTest(TestCase.java:177)
	at junit.framework.TestCase.runBare(TestCase.java:142)
	at junit.framework.TestResult$1.protect(TestResult.java:122)
	at junit.framework.TestResult.runProtected(TestResult.java:142)
	at junit.framework.TestResult.run(TestResult.java:125)
	at junit.framework.TestCase.run(TestCase.java:130)
	at junit.framework.TestSuite.runTest(TestSuite.java:241)
	at junit.framework.TestSuite.run(TestSuite.java:236)
	at org.junit.internal.runners.JUnit38ClassRunner.run(JUnit38ClassRunner.java:90)
	at org.junit.runner.JUnitCore.run(JUnitCore.java:137)
	at logicfl.coverage.JUnit4TestRunner.main(JUnit4TestRunner.java:36)

testXYAutoRange2(org.jfree.chart.axis.junit.LogAxisTests): Cannot invoke "org.jfree.chart.renderer.xy.XYItemRenderer.getAnnotations()" because "r" is null
Cannot invoke "org.jfree.chart.renderer.xy.XYItemRenderer.getAnnotations()" because "r" is null
java.lang.NullPointerException: Cannot invoke "org.jfree.chart.renderer.xy.XYItemRenderer.getAnnotations()" because "r" is null
	at org.jfree.chart.plot.XYPlot.getDataRange(XYPlot.java:4493)
	at org.jfree.chart.axis.NumberAxis.autoAdjustRange(NumberAxis.java:434)
	at org.jfree.chart.axis.NumberAxis.configure(NumberAxis.java:417)
	at org.jfree.chart.axis.Axis.setPlot(Axis.java:1044)
	at org.jfree.chart.plot.XYPlot.<init>(XYPlot.java:660)
	at org.jfree.chart.ChartFactory.createScatterPlot(ChartFactory.java:1490)
	at org.jfree.chart.axis.junit.LogAxisTests.testXYAutoRange2(LogAxisTests.java:288)
	at java.base/jdk.internal.reflect.NativeMethodAccessorImpl.invoke0(Native Method)
	at java.base/jdk.internal.reflect.NativeMethodAccessorImpl.invoke(NativeMethodAccessorImpl.java:77)
	at java.base/jdk.internal.reflect.DelegatingMethodAccessorImpl.invoke(DelegatingMethodAccessorImpl.java:43)
	at java.base/java.lang.reflect.Method.invoke(Method.java:569)
	at junit.framework.TestCase.runTest(TestCase.java:177)
	at junit.framework.TestCase.runBare(TestCase.java:142)
	at junit.framework.TestResult$1.protect(TestResult.java:122)
	at junit.framework.TestResult.runProtected(TestResult.java:142)
	at junit.framework.TestResult.run(TestResult.java:125)
	at junit.framework.TestCase.run(TestCase.java:130)
	at junit.framework.TestSuite.runTest(TestSuite.java:241)
	at junit.framework.TestSuite.run(TestSuite.java:236)
	at org.junit.internal.runners.JUnit38ClassRunner.run(JUnit38ClassRunner.java:90)
	at org.junit.runner.JUnitCore.run(JUnitCore.java:137)
	at logicfl.coverage.JUnit4TestRunner.main(JUnit4TestRunner.java:36)

testXYAutoRange1(org.jfree.chart.axis.junit.NumberAxisTests): Cannot invoke "org.jfree.chart.renderer.xy.XYItemRenderer.getAnnotations()" because "r" is null
Cannot invoke "org.jfree.chart.renderer.xy.XYItemRenderer.getAnnotations()" because "r" is null
java.lang.NullPointerException: Cannot invoke "org.jfree.chart.renderer.xy.XYItemRenderer.getAnnotations()" because "r" is null
	at org.jfree.chart.plot.XYPlot.getDataRange(XYPlot.java:4493)
	at org.jfree.chart.axis.NumberAxis.autoAdjustRange(NumberAxis.java:434)
	at org.jfree.chart.axis.NumberAxis.configure(NumberAxis.java:417)
	at org.jfree.chart.axis.Axis.setPlot(Axis.java:1044)
	at org.jfree.chart.plot.XYPlot.<init>(XYPlot.java:660)
	at org.jfree.chart.ChartFactory.createScatterPlot(ChartFactory.java:1490)
	at org.jfree.chart.axis.junit.NumberAxisTests.testXYAutoRange1(NumberAxisTests.java:354)
	at java.base/jdk.internal.reflect.NativeMethodAccessorImpl.invoke0(Native Method)
	at java.base/jdk.internal.reflect.NativeMethodAccessorImpl.invoke(NativeMethodAccessorImpl.java:77)
	at java.base/jdk.internal.reflect.DelegatingMethodAccessorImpl.invoke(DelegatingMethodAccessorImpl.java:43)
	at java.base/java.lang.reflect.Method.invoke(Method.java:569)
	at junit.framework.TestCase.runTest(TestCase.java:177)
	at junit.framework.TestCase.runBare(TestCase.java:142)
	at junit.framework.TestResult$1.protect(TestResult.java:122)
	at junit.framework.TestResult.runProtected(TestResult.java:142)
	at junit.framework.TestResult.run(TestResult.java:125)
	at junit.framework.TestCase.run(TestCase.java:130)
	at junit.framework.TestSuite.runTest(TestSuite.java:241)
	at junit.framework.TestSuite.run(TestSuite.java:236)
	at org.junit.internal.runners.JUnit38ClassRunner.run(JUnit38ClassRunner.java:90)
	at org.junit.runner.JUnitCore.run(JUnitCore.java:137)
	at logicfl.coverage.JUnit4TestRunner.main(JUnit4TestRunner.java:36)

testXYAutoRange2(org.jfree.chart.axis.junit.NumberAxisTests): Cannot invoke "org.jfree.chart.renderer.xy.XYItemRenderer.getAnnotations()" because "r" is null
Cannot invoke "org.jfree.chart.renderer.xy.XYItemRenderer.getAnnotations()" because "r" is null
java.lang.NullPointerException: Cannot invoke "org.jfree.chart.renderer.xy.XYItemRenderer.getAnnotations()" because "r" is null
	at org.jfree.chart.plot.XYPlot.getDataRange(XYPlot.java:4493)
	at org.jfree.chart.axis.NumberAxis.autoAdjustRange(NumberAxis.java:434)
	at org.jfree.chart.axis.NumberAxis.configure(NumberAxis.java:417)
	at org.jfree.chart.axis.Axis.setPlot(Axis.java:1044)
	at org.jfree.chart.plot.XYPlot.<init>(XYPlot.java:660)
	at org.jfree.chart.ChartFactory.createScatterPlot(ChartFactory.java:1490)
	at org.jfree.chart.axis.junit.NumberAxisTests.testXYAutoRange2(NumberAxisTests.java:382)
	at java.base/jdk.internal.reflect.NativeMethodAccessorImpl.invoke0(Native Method)
	at java.base/jdk.internal.reflect.NativeMethodAccessorImpl.invoke(NativeMethodAccessorImpl.java:77)
	at java.base/jdk.internal.reflect.DelegatingMethodAccessorImpl.invoke(DelegatingMethodAccessorImpl.java:43)
	at java.base/java.lang.reflect.Method.invoke(Method.java:569)
	at junit.framework.TestCase.runTest(TestCase.java:177)
	at junit.framework.TestCase.runBare(TestCase.java:142)
	at junit.framework.TestResult$1.protect(TestResult.java:122)
	at junit.framework.TestResult.runProtected(TestResult.java:142)
	at junit.framework.TestResult.run(TestResult.java:125)
	at junit.framework.TestCase.run(TestCase.java:130)
	at junit.framework.TestSuite.runTest(TestSuite.java:241)
	at junit.framework.TestSuite.run(TestSuite.java:236)
	at org.junit.internal.runners.JUnit38ClassRunner.run(JUnit38ClassRunner.java:90)
	at org.junit.runner.JUnitCore.run(JUnitCore.java:137)
	at logicfl.coverage.JUnit4TestRunner.main(JUnit4TestRunner.java:36)

testDrawWithNullInfo(org.jfree.chart.junit.TimeSeriesChartTests): Cannot invoke "org.jfree.chart.renderer.xy.XYItemRenderer.getAnnotations()" because "r" is null
Cannot invoke "org.jfree.chart.renderer.xy.XYItemRenderer.getAnnotations()" because "r" is null
java.lang.NullPointerException: Cannot invoke "org.jfree.chart.renderer.xy.XYItemRenderer.getAnnotations()" because "r" is null
	at org.jfree.chart.plot.XYPlot.getDataRange(XYPlot.java:4493)
	at org.jfree.chart.axis.DateAxis.autoAdjustRange(DateAxis.java:1286)
	at org.jfree.chart.axis.DateAxis.configure(DateAxis.java:719)
	at org.jfree.chart.axis.Axis.setPlot(Axis.java:1044)
	at org.jfree.chart.plot.XYPlot.<init>(XYPlot.java:660)
	at org.jfree.chart.ChartFactory.createTimeSeriesChart(ChartFactory.java:1893)
	at org.jfree.chart.junit.TimeSeriesChartTests.createChart(TimeSeriesChartTests.java:176)
	at org.jfree.chart.junit.TimeSeriesChartTests.setUp(TimeSeriesChartTests.java:95)
	at junit.framework.TestCase.runBare(TestCase.java:140)
	at junit.framework.TestResult$1.protect(TestResult.java:122)
	at junit.framework.TestResult.runProtected(TestResult.java:142)
	at junit.framework.TestResult.run(TestResult.java:125)
	at junit.framework.TestCase.run(TestCase.java:130)
	at junit.framework.TestSuite.runTest(TestSuite.java:241)
	at junit.framework.TestSuite.run(TestSuite.java:236)
	at org.junit.internal.runners.JUnit38ClassRunner.run(JUnit38ClassRunner.java:90)
	at org.junit.runner.JUnitCore.run(JUnitCore.java:137)
	at logicfl.coverage.JUnit4TestRunner.main(JUnit4TestRunner.java:36)

testSetSeriesToolTipGenerator(org.jfree.chart.junit.TimeSeriesChartTests): Cannot invoke "org.jfree.chart.renderer.xy.XYItemRenderer.getAnnotations()" because "r" is null
Cannot invoke "org.jfree.chart.renderer.xy.XYItemRenderer.getAnnotations()" because "r" is null
java.lang.NullPointerException: Cannot invoke "org.jfree.chart.renderer.xy.XYItemRenderer.getAnnotations()" because "r" is null
	at org.jfree.chart.plot.XYPlot.getDataRange(XYPlot.java:4493)
	at org.jfree.chart.axis.DateAxis.autoAdjustRange(DateAxis.java:1286)
	at org.jfree.chart.axis.DateAxis.configure(DateAxis.java:719)
	at org.jfree.chart.axis.Axis.setPlot(Axis.java:1044)
	at org.jfree.chart.plot.XYPlot.<init>(XYPlot.java:660)
	at org.jfree.chart.ChartFactory.createTimeSeriesChart(ChartFactory.java:1893)
	at org.jfree.chart.junit.TimeSeriesChartTests.createChart(TimeSeriesChartTests.java:176)
	at org.jfree.chart.junit.TimeSeriesChartTests.setUp(TimeSeriesChartTests.java:95)
	at junit.framework.TestCase.runBare(TestCase.java:140)
	at junit.framework.TestResult$1.protect(TestResult.java:122)
	at junit.framework.TestResult.runProtected(TestResult.java:142)
	at junit.framework.TestResult.run(TestResult.java:125)
	at junit.framework.TestCase.run(TestCase.java:130)
	at junit.framework.TestSuite.runTest(TestSuite.java:241)
	at junit.framework.TestSuite.run(TestSuite.java:236)
	at org.junit.internal.runners.JUnit38ClassRunner.run(JUnit38ClassRunner.java:90)
	at org.junit.runner.JUnitCore.run(JUnitCore.java:137)
	at logicfl.coverage.JUnit4TestRunner.main(JUnit4TestRunner.java:36)

testReplaceDataset(org.jfree.chart.junit.TimeSeriesChartTests): Cannot invoke "org.jfree.chart.renderer.xy.XYItemRenderer.getAnnotations()" because "r" is null
Cannot invoke "org.jfree.chart.renderer.xy.XYItemRenderer.getAnnotations()" because "r" is null
java.lang.NullPointerException: Cannot invoke "org.jfree.chart.renderer.xy.XYItemRenderer.getAnnotations()" because "r" is null
	at org.jfree.chart.plot.XYPlot.getDataRange(XYPlot.java:4493)
	at org.jfree.chart.axis.DateAxis.autoAdjustRange(DateAxis.java:1286)
	at org.jfree.chart.axis.DateAxis.configure(DateAxis.java:719)
	at org.jfree.chart.axis.Axis.setPlot(Axis.java:1044)
	at org.jfree.chart.plot.XYPlot.<init>(XYPlot.java:660)
	at org.jfree.chart.ChartFactory.createTimeSeriesChart(ChartFactory.java:1893)
	at org.jfree.chart.junit.TimeSeriesChartTests.createChart(TimeSeriesChartTests.java:176)
	at org.jfree.chart.junit.TimeSeriesChartTests.setUp(TimeSeriesChartTests.java:95)
	at junit.framework.TestCase.runBare(TestCase.java:140)
	at junit.framework.TestResult$1.protect(TestResult.java:122)
	at junit.framework.TestResult.runProtected(TestResult.java:142)
	at junit.framework.TestResult.run(TestResult.java:125)
	at junit.framework.TestCase.run(TestCase.java:130)
	at junit.framework.TestSuite.runTest(TestSuite.java:241)
	at junit.framework.TestSuite.run(TestSuite.java:236)
	at org.junit.internal.runners.JUnit38ClassRunner.run(JUnit38ClassRunner.java:90)
	at org.junit.runner.JUnitCore.run(JUnitCore.java:137)
	at logicfl.coverage.JUnit4TestRunner.main(JUnit4TestRunner.java:36)

testDrawWithNullInfo(org.jfree.chart.junit.XYStepAreaChartTests): Cannot invoke "org.jfree.chart.renderer.xy.XYItemRenderer.getAnnotations()" because "r" is null
Cannot invoke "org.jfree.chart.renderer.xy.XYItemRenderer.getAnnotations()" because "r" is null
java.lang.NullPointerException: Cannot invoke "org.jfree.chart.renderer.xy.XYItemRenderer.getAnnotations()" because "r" is null
	at org.jfree.chart.plot.XYPlot.getDataRange(XYPlot.java:4493)
	at org.jfree.chart.axis.NumberAxis.autoAdjustRange(NumberAxis.java:434)
	at org.jfree.chart.axis.NumberAxis.configure(NumberAxis.java:417)
	at org.jfree.chart.axis.Axis.setPlot(Axis.java:1044)
	at org.jfree.chart.plot.XYPlot.<init>(XYPlot.java:660)
	at org.jfree.chart.ChartFactory.createXYStepAreaChart(ChartFactory.java:1848)
	at org.jfree.chart.junit.XYStepAreaChartTests.createChart(XYStepAreaChartTests.java:177)
	at org.jfree.chart.junit.XYStepAreaChartTests.setUp(XYStepAreaChartTests.java:96)
	at junit.framework.TestCase.runBare(TestCase.java:140)
	at junit.framework.TestResult$1.protect(TestResult.java:122)
	at junit.framework.TestResult.runProtected(TestResult.java:142)
	at junit.framework.TestResult.run(TestResult.java:125)
	at junit.framework.TestCase.run(TestCase.java:130)
	at junit.framework.TestSuite.runTest(TestSuite.java:241)
	at junit.framework.TestSuite.run(TestSuite.java:236)
	at org.junit.internal.runners.JUnit38ClassRunner.run(JUnit38ClassRunner.java:90)
	at org.junit.runner.JUnitCore.run(JUnitCore.java:137)
	at logicfl.coverage.JUnit4TestRunner.main(JUnit4TestRunner.java:36)

testSetSeriesToolTipGenerator(org.jfree.chart.junit.XYStepAreaChartTests): Cannot invoke "org.jfree.chart.renderer.xy.XYItemRenderer.getAnnotations()" because "r" is null
Cannot invoke "org.jfree.chart.renderer.xy.XYItemRenderer.getAnnotations()" because "r" is null
java.lang.NullPointerException: Cannot invoke "org.jfree.chart.renderer.xy.XYItemRenderer.getAnnotations()" because "r" is null
	at org.jfree.chart.plot.XYPlot.getDataRange(XYPlot.java:4493)
	at org.jfree.chart.axis.NumberAxis.autoAdjustRange(NumberAxis.java:434)
	at org.jfree.chart.axis.NumberAxis.configure(NumberAxis.java:417)
	at org.jfree.chart.axis.Axis.setPlot(Axis.java:1044)
	at org.jfree.chart.plot.XYPlot.<init>(XYPlot.java:660)
	at org.jfree.chart.ChartFactory.createXYStepAreaChart(ChartFactory.java:1848)
	at org.jfree.chart.junit.XYStepAreaChartTests.createChart(XYStepAreaChartTests.java:177)
	at org.jfree.chart.junit.XYStepAreaChartTests.setUp(XYStepAreaChartTests.java:96)
	at junit.framework.TestCase.runBare(TestCase.java:140)
	at junit.framework.TestResult$1.protect(TestResult.java:122)
	at junit.framework.TestResult.runProtected(TestResult.java:142)
	at junit.framework.TestResult.run(TestResult.java:125)
	at junit.framework.TestCase.run(TestCase.java:130)
	at junit.framework.TestSuite.runTest(TestSuite.java:241)
	at junit.framework.TestSuite.run(TestSuite.java:236)
	at org.junit.internal.runners.JUnit38ClassRunner.run(JUnit38ClassRunner.java:90)
	at org.junit.runner.JUnitCore.run(JUnitCore.java:137)
	at logicfl.coverage.JUnit4TestRunner.main(JUnit4TestRunner.java:36)

testReplaceDataset(org.jfree.chart.junit.XYStepAreaChartTests): Cannot invoke "org.jfree.chart.renderer.xy.XYItemRenderer.getAnnotations()" because "r" is null
Cannot invoke "org.jfree.chart.renderer.xy.XYItemRenderer.getAnnotations()" because "r" is null
java.lang.NullPointerException: Cannot invoke "org.jfree.chart.renderer.xy.XYItemRenderer.getAnnotations()" because "r" is null
	at org.jfree.chart.plot.XYPlot.getDataRange(XYPlot.java:4493)
	at org.jfree.chart.axis.NumberAxis.autoAdjustRange(NumberAxis.java:434)
	at org.jfree.chart.axis.NumberAxis.configure(NumberAxis.java:417)
	at org.jfree.chart.axis.Axis.setPlot(Axis.java:1044)
	at org.jfree.chart.plot.XYPlot.<init>(XYPlot.java:660)
	at org.jfree.chart.ChartFactory.createXYStepAreaChart(ChartFactory.java:1848)
	at org.jfree.chart.junit.XYStepAreaChartTests.createChart(XYStepAreaChartTests.java:177)
	at org.jfree.chart.junit.XYStepAreaChartTests.setUp(XYStepAreaChartTests.java:96)
	at junit.framework.TestCase.runBare(TestCase.java:140)
	at junit.framework.TestResult$1.protect(TestResult.java:122)
	at junit.framework.TestResult.runProtected(TestResult.java:142)
	at junit.framework.TestResult.run(TestResult.java:125)
	at junit.framework.TestCase.run(TestCase.java:130)
	at junit.framework.TestSuite.runTest(TestSuite.java:241)
	at junit.framework.TestSuite.run(TestSuite.java:236)
	at org.junit.internal.runners.JUnit38ClassRunner.run(JUnit38ClassRunner.java:90)
	at org.junit.runner.JUnitCore.run(JUnitCore.java:137)
	at logicfl.coverage.JUnit4TestRunner.main(JUnit4TestRunner.java:36)

testDrawWithNullInfo(org.jfree.chart.junit.ScatterPlotTests): Cannot invoke "org.jfree.chart.renderer.xy.XYItemRenderer.getAnnotations()" because "r" is null
Cannot invoke "org.jfree.chart.renderer.xy.XYItemRenderer.getAnnotations()" because "r" is null
java.lang.NullPointerException: Cannot invoke "org.jfree.chart.renderer.xy.XYItemRenderer.getAnnotations()" because "r" is null
	at org.jfree.chart.plot.XYPlot.getDataRange(XYPlot.java:4493)
	at org.jfree.chart.axis.NumberAxis.autoAdjustRange(NumberAxis.java:434)
	at org.jfree.chart.axis.NumberAxis.configure(NumberAxis.java:417)
	at org.jfree.chart.axis.Axis.setPlot(Axis.java:1044)
	at org.jfree.chart.plot.XYPlot.<init>(XYPlot.java:660)
	at org.jfree.chart.ChartFactory.createScatterPlot(ChartFactory.java:1490)
	at org.jfree.chart.junit.ScatterPlotTests.createChart(ScatterPlotTests.java:181)
	at org.jfree.chart.junit.ScatterPlotTests.setUp(ScatterPlotTests.java:98)
	at junit.framework.TestCase.runBare(TestCase.java:140)
	at junit.framework.TestResult$1.protect(TestResult.java:122)
	at junit.framework.TestResult.runProtected(TestResult.java:142)
	at junit.framework.TestResult.run(TestResult.java:125)
	at junit.framework.TestCase.run(TestCase.java:130)
	at junit.framework.TestSuite.runTest(TestSuite.java:241)
	at junit.framework.TestSuite.run(TestSuite.java:236)
	at org.junit.internal.runners.JUnit38ClassRunner.run(JUnit38ClassRunner.java:90)
	at org.junit.runner.JUnitCore.run(JUnitCore.java:137)
	at logicfl.coverage.JUnit4TestRunner.main(JUnit4TestRunner.java:36)

testSetSeriesToolTipGenerator(org.jfree.chart.junit.ScatterPlotTests): Cannot invoke "org.jfree.chart.renderer.xy.XYItemRenderer.getAnnotations()" because "r" is null
Cannot invoke "org.jfree.chart.renderer.xy.XYItemRenderer.getAnnotations()" because "r" is null
java.lang.NullPointerException: Cannot invoke "org.jfree.chart.renderer.xy.XYItemRenderer.getAnnotations()" because "r" is null
	at org.jfree.chart.plot.XYPlot.getDataRange(XYPlot.java:4493)
	at org.jfree.chart.axis.NumberAxis.autoAdjustRange(NumberAxis.java:434)
	at org.jfree.chart.axis.NumberAxis.configure(NumberAxis.java:417)
	at org.jfree.chart.axis.Axis.setPlot(Axis.java:1044)
	at org.jfree.chart.plot.XYPlot.<init>(XYPlot.java:660)
	at org.jfree.chart.ChartFactory.createScatterPlot(ChartFactory.java:1490)
	at org.jfree.chart.junit.ScatterPlotTests.createChart(ScatterPlotTests.java:181)
	at org.jfree.chart.junit.ScatterPlotTests.setUp(ScatterPlotTests.java:98)
	at junit.framework.TestCase.runBare(TestCase.java:140)
	at junit.framework.TestResult$1.protect(TestResult.java:122)
	at junit.framework.TestResult.runProtected(TestResult.java:142)
	at junit.framework.TestResult.run(TestResult.java:125)
	at junit.framework.TestCase.run(TestCase.java:130)
	at junit.framework.TestSuite.runTest(TestSuite.java:241)
	at junit.framework.TestSuite.run(TestSuite.java:236)
	at org.junit.internal.runners.JUnit38ClassRunner.run(JUnit38ClassRunner.java:90)
	at org.junit.runner.JUnitCore.run(JUnitCore.java:137)
	at logicfl.coverage.JUnit4TestRunner.main(JUnit4TestRunner.java:36)

testReplaceDataset(org.jfree.chart.junit.ScatterPlotTests): Cannot invoke "org.jfree.chart.renderer.xy.XYItemRenderer.getAnnotations()" because "r" is null
Cannot invoke "org.jfree.chart.renderer.xy.XYItemRenderer.getAnnotations()" because "r" is null
java.lang.NullPointerException: Cannot invoke "org.jfree.chart.renderer.xy.XYItemRenderer.getAnnotations()" because "r" is null
	at org.jfree.chart.plot.XYPlot.getDataRange(XYPlot.java:4493)
	at org.jfree.chart.axis.NumberAxis.autoAdjustRange(NumberAxis.java:434)
	at org.jfree.chart.axis.NumberAxis.configure(NumberAxis.java:417)
	at org.jfree.chart.axis.Axis.setPlot(Axis.java:1044)
	at org.jfree.chart.plot.XYPlot.<init>(XYPlot.java:660)
	at org.jfree.chart.ChartFactory.createScatterPlot(ChartFactory.java:1490)
	at org.jfree.chart.junit.ScatterPlotTests.createChart(ScatterPlotTests.java:181)
	at org.jfree.chart.junit.ScatterPlotTests.setUp(ScatterPlotTests.java:98)
	at junit.framework.TestCase.runBare(TestCase.java:140)
	at junit.framework.TestResult$1.protect(TestResult.java:122)
	at junit.framework.TestResult.runProtected(TestResult.java:142)
	at junit.framework.TestResult.run(TestResult.java:125)
	at junit.framework.TestCase.run(TestCase.java:130)
	at junit.framework.TestSuite.runTest(TestSuite.java:241)
	at junit.framework.TestSuite.run(TestSuite.java:236)
	at org.junit.internal.runners.JUnit38ClassRunner.run(JUnit38ClassRunner.java:90)
	at org.junit.runner.JUnitCore.run(JUnitCore.java:137)
	at logicfl.coverage.JUnit4TestRunner.main(JUnit4TestRunner.java:36)

testDrawRangeGridlines(org.jfree.chart.plot.junit.XYPlotTests): Cannot invoke "org.jfree.chart.renderer.xy.XYItemRenderer.getAnnotations()" because "r" is null
Cannot invoke "org.jfree.chart.renderer.xy.XYItemRenderer.getAnnotations()" because "r" is null
java.lang.NullPointerException: Cannot invoke "org.jfree.chart.renderer.xy.XYItemRenderer.getAnnotations()" because "r" is null
	at org.jfree.chart.plot.XYPlot.getDataRange(XYPlot.java:4493)
	at org.jfree.chart.axis.NumberAxis.autoAdjustRange(NumberAxis.java:434)
	at org.jfree.chart.axis.NumberAxis.configure(NumberAxis.java:417)
	at org.jfree.chart.plot.XYPlot.configureDomainAxes(XYPlot.java:972)
	at org.jfree.chart.plot.XYPlot.setRenderer(XYPlot.java:1644)
	at org.jfree.chart.plot.XYPlot.setRenderer(XYPlot.java:1620)
	at org.jfree.chart.plot.XYPlot.setRenderer(XYPlot.java:1607)
	at org.jfree.chart.plot.junit.XYPlotTests.testDrawRangeGridlines(XYPlotTests.java:1056)
	at java.base/jdk.internal.reflect.NativeMethodAccessorImpl.invoke0(Native Method)
	at java.base/jdk.internal.reflect.NativeMethodAccessorImpl.invoke(NativeMethodAccessorImpl.java:77)
	at java.base/jdk.internal.reflect.DelegatingMethodAccessorImpl.invoke(DelegatingMethodAccessorImpl.java:43)
	at java.base/java.lang.reflect.Method.invoke(Method.java:569)
	at junit.framework.TestCase.runTest(TestCase.java:177)
	at junit.framework.TestCase.runBare(TestCase.java:142)
	at junit.framework.TestResult$1.protect(TestResult.java:122)
	at junit.framework.TestResult.runProtected(TestResult.java:142)
	at junit.framework.TestResult.run(TestResult.java:125)
	at junit.framework.TestCase.run(TestCase.java:130)
	at junit.framework.TestSuite.runTest(TestSuite.java:241)
	at junit.framework.TestSuite.run(TestSuite.java:236)
	at org.junit.internal.runners.JUnit38ClassRunner.run(JUnit38ClassRunner.java:90)
	at org.junit.runner.JUnitCore.run(JUnitCore.java:137)
	at logicfl.coverage.JUnit4TestRunner.main(JUnit4TestRunner.java:36)

testDrawWithNullInfo(org.jfree.chart.junit.XYAreaChartTests): Cannot invoke "org.jfree.chart.renderer.xy.XYItemRenderer.getAnnotations()" because "r" is null
Cannot invoke "org.jfree.chart.renderer.xy.XYItemRenderer.getAnnotations()" because "r" is null
java.lang.NullPointerException: Cannot invoke "org.jfree.chart.renderer.xy.XYItemRenderer.getAnnotations()" because "r" is null
	at org.jfree.chart.plot.XYPlot.getDataRange(XYPlot.java:4493)
	at org.jfree.chart.axis.NumberAxis.autoAdjustRange(NumberAxis.java:434)
	at org.jfree.chart.axis.NumberAxis.configure(NumberAxis.java:417)
	at org.jfree.chart.axis.Axis.setPlot(Axis.java:1044)
	at org.jfree.chart.plot.XYPlot.<init>(XYPlot.java:660)
	at org.jfree.chart.ChartFactory.createXYAreaChart(ChartFactory.java:1619)
	at org.jfree.chart.junit.XYAreaChartTests.createChart(XYAreaChartTests.java:178)
	at org.jfree.chart.junit.XYAreaChartTests.setUp(XYAreaChartTests.java:96)
	at junit.framework.TestCase.runBare(TestCase.java:140)
	at junit.framework.TestResult$1.protect(TestResult.java:122)
	at junit.framework.TestResult.runProtected(TestResult.java:142)
	at junit.framework.TestResult.run(TestResult.java:125)
	at junit.framework.TestCase.run(TestCase.java:130)
	at junit.framework.TestSuite.runTest(TestSuite.java:241)
	at junit.framework.TestSuite.run(TestSuite.java:236)
	at org.junit.internal.runners.JUnit38ClassRunner.run(JUnit38ClassRunner.java:90)
	at org.junit.runner.JUnitCore.run(JUnitCore.java:137)
	at logicfl.coverage.JUnit4TestRunner.main(JUnit4TestRunner.java:36)

testSetSeriesToolTipGenerator(org.jfree.chart.junit.XYAreaChartTests): Cannot invoke "org.jfree.chart.renderer.xy.XYItemRenderer.getAnnotations()" because "r" is null
Cannot invoke "org.jfree.chart.renderer.xy.XYItemRenderer.getAnnotations()" because "r" is null
java.lang.NullPointerException: Cannot invoke "org.jfree.chart.renderer.xy.XYItemRenderer.getAnnotations()" because "r" is null
	at org.jfree.chart.plot.XYPlot.getDataRange(XYPlot.java:4493)
	at org.jfree.chart.axis.NumberAxis.autoAdjustRange(NumberAxis.java:434)
	at org.jfree.chart.axis.NumberAxis.configure(NumberAxis.java:417)
	at org.jfree.chart.axis.Axis.setPlot(Axis.java:1044)
	at org.jfree.chart.plot.XYPlot.<init>(XYPlot.java:660)
	at org.jfree.chart.ChartFactory.createXYAreaChart(ChartFactory.java:1619)
	at org.jfree.chart.junit.XYAreaChartTests.createChart(XYAreaChartTests.java:178)
	at org.jfree.chart.junit.XYAreaChartTests.setUp(XYAreaChartTests.java:96)
	at junit.framework.TestCase.runBare(TestCase.java:140)
	at junit.framework.TestResult$1.protect(TestResult.java:122)
	at junit.framework.TestResult.runProtected(TestResult.java:142)
	at junit.framework.TestResult.run(TestResult.java:125)
	at junit.framework.TestCase.run(TestCase.java:130)
	at junit.framework.TestSuite.runTest(TestSuite.java:241)
	at junit.framework.TestSuite.run(TestSuite.java:236)
	at org.junit.internal.runners.JUnit38ClassRunner.run(JUnit38ClassRunner.java:90)
	at org.junit.runner.JUnitCore.run(JUnitCore.java:137)
	at logicfl.coverage.JUnit4TestRunner.main(JUnit4TestRunner.java:36)

testReplaceDataset(org.jfree.chart.junit.XYAreaChartTests): Cannot invoke "org.jfree.chart.renderer.xy.XYItemRenderer.getAnnotations()" because "r" is null
Cannot invoke "org.jfree.chart.renderer.xy.XYItemRenderer.getAnnotations()" because "r" is null
java.lang.NullPointerException: Cannot invoke "org.jfree.chart.renderer.xy.XYItemRenderer.getAnnotations()" because "r" is null
	at org.jfree.chart.plot.XYPlot.getDataRange(XYPlot.java:4493)
	at org.jfree.chart.axis.NumberAxis.autoAdjustRange(NumberAxis.java:434)
	at org.jfree.chart.axis.NumberAxis.configure(NumberAxis.java:417)
	at org.jfree.chart.axis.Axis.setPlot(Axis.java:1044)
	at org.jfree.chart.plot.XYPlot.<init>(XYPlot.java:660)
	at org.jfree.chart.ChartFactory.createXYAreaChart(ChartFactory.java:1619)
	at org.jfree.chart.junit.XYAreaChartTests.createChart(XYAreaChartTests.java:178)
	at org.jfree.chart.junit.XYAreaChartTests.setUp(XYAreaChartTests.java:96)
	at junit.framework.TestCase.runBare(TestCase.java:140)
	at junit.framework.TestResult$1.protect(TestResult.java:122)
	at junit.framework.TestResult.runProtected(TestResult.java:142)
	at junit.framework.TestResult.run(TestResult.java:125)
	at junit.framework.TestCase.run(TestCase.java:130)
	at junit.framework.TestSuite.runTest(TestSuite.java:241)
	at junit.framework.TestSuite.run(TestSuite.java:236)
	at org.junit.internal.runners.JUnit38ClassRunner.run(JUnit38ClassRunner.java:90)
	at org.junit.runner.JUnitCore.run(JUnitCore.java:137)
	at logicfl.coverage.JUnit4TestRunner.main(JUnit4TestRunner.java:36)

Store NPE traces to /home/mario/Desktop/LogicFL/defects4j/Chart-4/result/npe.traces.json
NPE Stack Traces exported to /home/mario/Desktop/LogicFL/defects4j/Chart-4/result/npe.traces.json

Analyzing Coverage Data...
Covered Classes:[org.jfree.chart.axis.TickUnit, org.jfree.chart.plot.DatasetRenderingOrder, org.jfree.chart.block.AbstractBlock, org.jfree.chart.util.BooleanList, org.jfree.chart.event.TitleChangeEvent, org.jfree.chart.labels.ItemLabelAnchor, org.jfree.chart.junit.XYStepAreaChartTests, org.jfree.chart.ChartFactory, org.jfree.data.general.DatasetGroup, org.jfree.chart.axis.DateAxis$DefaultTimeline, org.jfree.chart.StandardChartTheme, org.jfree.data.Range, org.jfree.chart.axis.SymbolAxis, org.jfree.chart.labels.AbstractPieItemLabelGenerator, org.jfree.chart.text.TextAnchor, org.jfree.chart.JFreeChartInfo, org.jfree.chart.renderer.xy.XYStepRenderer, org.jfree.data.general.DefaultPieDataset, org.jfree.data.xy.XYSeriesCollection, org.jfree.chart.util.ShapeList, org.jfree.data.general.SeriesChangeEvent, org.jfree.chart.util.AbstractObjectList, org.jfree.data.time.TimeSeries, org.jfree.chart.block.BlockBorder, org.jfree.chart.renderer.xy.AbstractXYItemRenderer, org.jfree.chart.renderer.xy.GradientXYBarPainter, org.jfree.chart.title.TextTitle, org.jfree.chart.axis.DateTickUnitType, org.jfree.chart.urls.StandardXYURLGenerator, org.jfree.chart.util.PaintList, org.jfree.chart.block.LineBorder, org.jfree.chart.plot.SeriesRenderingOrder, org.jfree.chart.util.HorizontalAlignment, org.jfree.chart.title.LegendTitle, org.jfree.chart.block.ColumnArrangement, org.jfree.data.xy.IntervalXYDelegate, org.jfree.chart.axis.AxisLocation, org.jfree.chart.JFreeChart, org.jfree.chart.junit.TimeSeriesChartTests, org.jfree.chart.renderer.category.BarRenderer3D, org.jfree.chart.labels.StandardXYToolTipGenerator, org.jfree.chart.junit.ScatterPlotTests, org.jfree.chart.axis.Axis, org.jfree.data.time.TimeSeriesDataItem, org.jfree.chart.junit.XYAreaChartTests, org.jfree.chart.axis.junit.NumberAxisTests, org.jfree.chart.axis.junit.ValueAxisTests, org.jfree.chart.ui.Licences, org.jfree.chart.axis.DateAxis, org.jfree.chart.renderer.xy.XYLineAndShapeRenderer, org.jfree.chart.util.RectangleEdge, org.jfree.chart.labels.AbstractXYItemLabelGenerator, org.jfree.data.RangeType, org.jfree.chart.plot.Plot, org.jfree.data.general.AbstractDataset, org.jfree.data.xy.AbstractIntervalXYDataset, org.jfree.chart.util.PaintMap, org.jfree.chart.ui.BasicProjectInfo, org.jfree.chart.plot.AbstractPieLabelDistributor, org.jfree.chart.util.RectangleAnchor, org.jfree.data.xy.XYSeries, org.jfree.chart.labels.StandardXYSeriesLabelGenerator, org.jfree.chart.event.PlotChangeEvent, org.jfree.chart.resources.JFreeChartResources, org.jfree.chart.axis.TickUnits, org.jfree.chart.util.ResourceBundleWrapper, org.jfree.chart.plot.PieLabelDistributor, org.jfree.data.time.SpreadsheetDate, org.jfree.data.time.DateRange, org.jfree.chart.plot.PlotOrientation, org.jfree.data.xy.AbstractXYDataset, org.jfree.chart.title.Title, org.jfree.data.time.TimePeriodAnchor, org.jfree.chart.block.FlowArrangement, org.jfree.data.general.Series, org.jfree.chart.util.RectangleInsets, org.jfree.chart.junit.JFreeChartTests, org.jfree.chart.ui.Library, org.jfree.chart.event.ChartChangeEventType, org.jfree.chart.plot.PieLabelLinkStyle, org.jfree.chart.util.ObjectList, org.jfree.chart.axis.junit.LogAxisTests, org.jfree.chart.axis.NumberAxis, org.jfree.data.time.RegularTimePeriod, org.jfree.chart.ChartColor, org.jfree.data.xy.XYDataItem, org.jfree.chart.plot.XYPlot, org.jfree.chart.plot.DefaultDrawingSupplier, org.jfree.chart.event.RendererChangeEvent, org.jfree.chart.util.VerticalAlignment, org.jfree.data.DefaultKeyedValues, org.jfree.data.time.SerialDate, org.jfree.chart.event.ChartChangeEvent, org.jfree.chart.util.StrokeMap, org.jfree.chart.labels.StandardPieToolTipGenerator, org.jfree.chart.axis.NumberTickUnit, org.jfree.chart.block.BlockContainer, org.jfree.chart.renderer.xy.XYStepAreaRenderer, org.jfree.chart.renderer.category.BarRenderer, org.jfree.chart.event.AxisChangeEvent, org.jfree.data.xy.DefaultXYDataset, org.jfree.chart.util.StrokeList, org.jfree.chart.util.UnitType, org.jfree.data.time.TimeSeriesCollection, org.jfree.data.general.DatasetChangeEvent, org.jfree.chart.axis.DateTickMarkPosition, org.jfree.data.general.AbstractSeriesDataset, org.jfree.chart.labels.ItemLabelPosition, org.jfree.data.time.Day, org.jfree.chart.renderer.category.GradientBarPainter, org.jfree.chart.plot.PiePlot, org.jfree.chart.renderer.AbstractRenderer, org.jfree.chart.labels.StandardPieSectionLabelGenerator, org.jfree.chart.axis.DateTickUnit, org.jfree.chart.util.Rotation, org.jfree.chart.axis.ValueAxis, org.jfree.chart.junit.XYStepChartTests, org.jfree.chart.ui.Contributor, org.jfree.chart.plot.junit.XYPlotTests, org.jfree.chart.ui.ProjectInfo, org.jfree.data.general.DatasetUtilities]
Coverage information exported to /home/mario/Desktop/LogicFL/defects4j/Chart-4/coverage.json
Collecting coverage complete.
Exec. Time - 00:00:01.438
coverage.sh executed successfully.
Getting configurations from config.properties
Total 120 Target classes.
Analyzing class - org.jfree.chart.ChartColor
Analyzing class - org.jfree.chart.ChartFactory
Analyzing class - org.jfree.chart.JFreeChart
Analyzing class - org.jfree.chart.JFreeChartInfo
Cannot read the class. Skip analysis on the class.
Analyzing class - org.jfree.chart.StandardChartTheme
Analyzing class - org.jfree.chart.axis.Axis
Analyzing class - org.jfree.chart.axis.AxisLocation
Analyzing class - org.jfree.chart.axis.DateAxis
Analyzing class - org.jfree.chart.axis.DateTickMarkPosition
Analyzing class - org.jfree.chart.axis.DateTickUnit
Analyzing class - org.jfree.chart.axis.DateTickUnitType
Analyzing class - org.jfree.chart.axis.NumberAxis
Analyzing class - org.jfree.chart.axis.NumberTickUnit
Analyzing class - org.jfree.chart.axis.SymbolAxis
Analyzing class - org.jfree.chart.axis.TickUnit
Analyzing class - org.jfree.chart.axis.TickUnits
Analyzing class - org.jfree.chart.axis.ValueAxis
Analyzing class - org.jfree.chart.axis.junit.LogAxisTests
Analyzing class - org.jfree.chart.axis.junit.NumberAxisTests
Analyzing class - org.jfree.chart.axis.junit.ValueAxisTests
Analyzing class - org.jfree.chart.block.AbstractBlock
Analyzing class - org.jfree.chart.block.BlockBorder
Analyzing class - org.jfree.chart.block.BlockContainer
Analyzing class - org.jfree.chart.block.ColumnArrangement
Analyzing class - org.jfree.chart.block.FlowArrangement
Analyzing class - org.jfree.chart.block.LineBorder
Analyzing class - org.jfree.chart.event.AxisChangeEvent
Analyzing class - org.jfree.chart.event.ChartChangeEvent
Analyzing class - org.jfree.chart.event.ChartChangeEventType
Analyzing class - org.jfree.chart.event.PlotChangeEvent
Analyzing class - org.jfree.chart.event.RendererChangeEvent
Analyzing class - org.jfree.chart.event.TitleChangeEvent
Analyzing class - org.jfree.chart.junit.JFreeChartTests
Analyzing class - org.jfree.chart.junit.ScatterPlotTests
Analyzing class - org.jfree.chart.junit.TimeSeriesChartTests
Analyzing class - org.jfree.chart.junit.XYAreaChartTests
Analyzing class - org.jfree.chart.junit.XYStepAreaChartTests
Analyzing class - org.jfree.chart.junit.XYStepChartTests
Analyzing class - org.jfree.chart.labels.AbstractPieItemLabelGenerator
Analyzing class - org.jfree.chart.labels.AbstractXYItemLabelGenerator
Analyzing class - org.jfree.chart.labels.ItemLabelAnchor
Analyzing class - org.jfree.chart.labels.ItemLabelPosition
Analyzing class - org.jfree.chart.labels.StandardPieSectionLabelGenerator
Analyzing class - org.jfree.chart.labels.StandardPieToolTipGenerator
Analyzing class - org.jfree.chart.labels.StandardXYSeriesLabelGenerator
Analyzing class - org.jfree.chart.labels.StandardXYToolTipGenerator
Analyzing class - org.jfree.chart.plot.AbstractPieLabelDistributor
Analyzing class - org.jfree.chart.plot.DatasetRenderingOrder
Analyzing class - org.jfree.chart.plot.DefaultDrawingSupplier
Analyzing class - org.jfree.chart.plot.PieLabelDistributor
Analyzing class - org.jfree.chart.plot.PieLabelLinkStyle
Analyzing class - org.jfree.chart.plot.PiePlot
Analyzing class - org.jfree.chart.plot.Plot
Analyzing class - org.jfree.chart.plot.PlotOrientation
Analyzing class - org.jfree.chart.plot.SeriesRenderingOrder
Analyzing class - org.jfree.chart.plot.XYPlot
Analyzing class - org.jfree.chart.plot.junit.XYPlotTests
Analyzing class - org.jfree.chart.renderer.AbstractRenderer
Analyzing class - org.jfree.chart.renderer.category.BarRenderer
Analyzing class - org.jfree.chart.renderer.category.BarRenderer3D
Analyzing class - org.jfree.chart.renderer.category.GradientBarPainter
Analyzing class - org.jfree.chart.renderer.xy.AbstractXYItemRenderer
Analyzing class - org.jfree.chart.renderer.xy.GradientXYBarPainter
Analyzing class - org.jfree.chart.renderer.xy.XYLineAndShapeRenderer
Analyzing class - org.jfree.chart.renderer.xy.XYStepAreaRenderer
Analyzing class - org.jfree.chart.renderer.xy.XYStepRenderer
Analyzing class - org.jfree.chart.resources.JFreeChartResources
Analyzing class - org.jfree.chart.text.TextAnchor
Analyzing class - org.jfree.chart.title.LegendTitle
Analyzing class - org.jfree.chart.title.TextTitle
Analyzing class - org.jfree.chart.title.Title
Analyzing class - org.jfree.chart.ui.BasicProjectInfo
Analyzing class - org.jfree.chart.ui.Contributor
Analyzing class - org.jfree.chart.ui.Library
Analyzing class - org.jfree.chart.ui.Licences
Analyzing class - org.jfree.chart.ui.ProjectInfo
Analyzing class - org.jfree.chart.urls.StandardXYURLGenerator
Analyzing class - org.jfree.chart.util.AbstractObjectList
Analyzing class - org.jfree.chart.util.BooleanList
Analyzing class - org.jfree.chart.util.HorizontalAlignment
Analyzing class - org.jfree.chart.util.ObjectList
Analyzing class - org.jfree.chart.util.PaintList
Analyzing class - org.jfree.chart.util.PaintMap
Analyzing class - org.jfree.chart.util.RectangleAnchor
Analyzing class - org.jfree.chart.util.RectangleEdge
Analyzing class - org.jfree.chart.util.RectangleInsets
Analyzing class - org.jfree.chart.util.ResourceBundleWrapper
Analyzing class - org.jfree.chart.util.Rotation
Analyzing class - org.jfree.chart.util.ShapeList
Analyzing class - org.jfree.chart.util.StrokeList
Analyzing class - org.jfree.chart.util.StrokeMap
Analyzing class - org.jfree.chart.util.UnitType
Analyzing class - org.jfree.chart.util.VerticalAlignment
Analyzing class - org.jfree.data.DefaultKeyedValues
Analyzing class - org.jfree.data.Range
Analyzing class - org.jfree.data.RangeType
Analyzing class - org.jfree.data.general.AbstractDataset
Analyzing class - org.jfree.data.general.AbstractSeriesDataset
Analyzing class - org.jfree.data.general.DatasetChangeEvent
Analyzing class - org.jfree.data.general.DatasetGroup
Analyzing class - org.jfree.data.general.DatasetUtilities
Analyzing class - org.jfree.data.general.DefaultPieDataset
Analyzing class - org.jfree.data.general.Series
Analyzing class - org.jfree.data.general.SeriesChangeEvent
Analyzing class - org.jfree.data.time.DateRange
Analyzing class - org.jfree.data.time.Day
Analyzing class - org.jfree.data.time.RegularTimePeriod
Analyzing class - org.jfree.data.time.SerialDate
Analyzing class - org.jfree.data.time.SpreadsheetDate
Analyzing class - org.jfree.data.time.TimePeriodAnchor
Analyzing class - org.jfree.data.time.TimeSeries
Analyzing class - org.jfree.data.time.TimeSeriesCollection
Analyzing class - org.jfree.data.time.TimeSeriesDataItem
Analyzing class - org.jfree.data.xy.AbstractIntervalXYDataset
Analyzing class - org.jfree.data.xy.AbstractXYDataset
Analyzing class - org.jfree.data.xy.DefaultXYDataset
Analyzing class - org.jfree.data.xy.IntervalXYDelegate
Analyzing class - org.jfree.data.xy.XYDataItem
Analyzing class - org.jfree.data.xy.XYSeries
Analyzing class - org.jfree.data.xy.XYSeriesCollection
Compilation successful!
FL Facts are exported to /home/mario/Desktop/LogicFL/defects4j/Chart-4/result/logic-fl.pl
Code Facts are exported to /home/mario/Desktop/LogicFL/defects4j/Chart-4/result/code-facts.pl
Line matching information exported to /home/mario/Desktop/LogicFL/defects4j/Chart-4/result/line.info.json
Exec. Time - 00:00:28.291
static_analyzer.sh executed successfully.
Getting configurations from config.properties
Load configurations from config.properties
Executing command - /usr/bin/java -Xms256m -Xmx1024m -classpath /home/mario/Desktop/LogicFL/defects4j/Chart-4/result/classes:../../lib/*:lib/Chart-4_buggy_src.jar:lib/Chart-4_fixed_test.jar logicfl.coverage.JUnit4TestRunner config.properties true /home/mario/Desktop/LogicFL/defects4j/Chart-4/result/probe.npe.traces.json /home/mario/Desktop/LogicFL/defects4j/Chart-4/tests.json
Load configurations from config.properties
Loading test information from /home/mario/Desktop/LogicFL/defects4j/Chart-4/tests.json
Test execution summary:
Tests executed - 22
Tests succeeded - 0
Tests failed - 22
testDrawWithNullInfo(org.jfree.chart.junit.XYStepChartTests): Cannot invoke "org.jfree.chart.renderer.xy.XYItemRenderer.getAnnotations()" because "v_r_2115_line_4493" is null
Cannot invoke "org.jfree.chart.renderer.xy.XYItemRenderer.getAnnotations()" because "v_r_2115_line_4493" is null
java.lang.NullPointerException: Cannot invoke "org.jfree.chart.renderer.xy.XYItemRenderer.getAnnotations()" because "v_r_2115_line_4493" is null
	at org.jfree.chart.plot.XYPlot.getDataRange(XYPlot.java:5179)
	at org.jfree.chart.axis.DateAxis.autoAdjustRange(DateAxis.java:1571)
	at org.jfree.chart.axis.DateAxis.configure(DateAxis.java:767)
	at org.jfree.chart.axis.Axis.setPlot(Axis.java:1159)
	at org.jfree.chart.plot.XYPlot.<init>(XYPlot.java:711)
	at org.jfree.chart.ChartFactory.createXYStepChart(ChartFactory.java:1925)
	at org.jfree.chart.junit.XYStepChartTests.createChart(XYStepChartTests.java:192)
	at org.jfree.chart.junit.XYStepChartTests.setUp(XYStepChartTests.java:97)
	at junit.framework.TestCase.runBare(TestCase.java:140)
	at junit.framework.TestResult$1.protect(TestResult.java:122)
	at junit.framework.TestResult.runProtected(TestResult.java:142)
	at junit.framework.TestResult.run(TestResult.java:125)
	at junit.framework.TestCase.run(TestCase.java:130)
	at junit.framework.TestSuite.runTest(TestSuite.java:241)
	at junit.framework.TestSuite.run(TestSuite.java:236)
	at org.junit.internal.runners.JUnit38ClassRunner.run(JUnit38ClassRunner.java:90)
	at org.junit.runner.JUnitCore.run(JUnitCore.java:137)
	at logicfl.coverage.JUnit4TestRunner.main(JUnit4TestRunner.java:36)

testSetSeriesToolTipGenerator(org.jfree.chart.junit.XYStepChartTests): Cannot invoke "org.jfree.chart.renderer.xy.XYItemRenderer.getAnnotations()" because "v_r_2115_line_4493" is null
Cannot invoke "org.jfree.chart.renderer.xy.XYItemRenderer.getAnnotations()" because "v_r_2115_line_4493" is null
java.lang.NullPointerException: Cannot invoke "org.jfree.chart.renderer.xy.XYItemRenderer.getAnnotations()" because "v_r_2115_line_4493" is null
	at org.jfree.chart.plot.XYPlot.getDataRange(XYPlot.java:5179)
	at org.jfree.chart.axis.DateAxis.autoAdjustRange(DateAxis.java:1571)
	at org.jfree.chart.axis.DateAxis.configure(DateAxis.java:767)
	at org.jfree.chart.axis.Axis.setPlot(Axis.java:1159)
	at org.jfree.chart.plot.XYPlot.<init>(XYPlot.java:711)
	at org.jfree.chart.ChartFactory.createXYStepChart(ChartFactory.java:1925)
	at org.jfree.chart.junit.XYStepChartTests.createChart(XYStepChartTests.java:192)
	at org.jfree.chart.junit.XYStepChartTests.setUp(XYStepChartTests.java:97)
	at junit.framework.TestCase.runBare(TestCase.java:140)
	at junit.framework.TestResult$1.protect(TestResult.java:122)
	at junit.framework.TestResult.runProtected(TestResult.java:142)
	at junit.framework.TestResult.run(TestResult.java:125)
	at junit.framework.TestCase.run(TestCase.java:130)
	at junit.framework.TestSuite.runTest(TestSuite.java:241)
	at junit.framework.TestSuite.run(TestSuite.java:236)
	at org.junit.internal.runners.JUnit38ClassRunner.run(JUnit38ClassRunner.java:90)
	at org.junit.runner.JUnitCore.run(JUnitCore.java:137)
	at logicfl.coverage.JUnit4TestRunner.main(JUnit4TestRunner.java:36)

testReplaceDataset(org.jfree.chart.junit.XYStepChartTests): Cannot invoke "org.jfree.chart.renderer.xy.XYItemRenderer.getAnnotations()" because "v_r_2115_line_4493" is null
Cannot invoke "org.jfree.chart.renderer.xy.XYItemRenderer.getAnnotations()" because "v_r_2115_line_4493" is null
java.lang.NullPointerException: Cannot invoke "org.jfree.chart.renderer.xy.XYItemRenderer.getAnnotations()" because "v_r_2115_line_4493" is null
	at org.jfree.chart.plot.XYPlot.getDataRange(XYPlot.java:5179)
	at org.jfree.chart.axis.DateAxis.autoAdjustRange(DateAxis.java:1571)
	at org.jfree.chart.axis.DateAxis.configure(DateAxis.java:767)
	at org.jfree.chart.axis.Axis.setPlot(Axis.java:1159)
	at org.jfree.chart.plot.XYPlot.<init>(XYPlot.java:711)
	at org.jfree.chart.ChartFactory.createXYStepChart(ChartFactory.java:1925)
	at org.jfree.chart.junit.XYStepChartTests.createChart(XYStepChartTests.java:192)
	at org.jfree.chart.junit.XYStepChartTests.setUp(XYStepChartTests.java:97)
	at junit.framework.TestCase.runBare(TestCase.java:140)
	at junit.framework.TestResult$1.protect(TestResult.java:122)
	at junit.framework.TestResult.runProtected(TestResult.java:142)
	at junit.framework.TestResult.run(TestResult.java:125)
	at junit.framework.TestCase.run(TestCase.java:130)
	at junit.framework.TestSuite.runTest(TestSuite.java:241)
	at junit.framework.TestSuite.run(TestSuite.java:236)
	at org.junit.internal.runners.JUnit38ClassRunner.run(JUnit38ClassRunner.java:90)
	at org.junit.runner.JUnitCore.run(JUnitCore.java:137)
	at logicfl.coverage.JUnit4TestRunner.main(JUnit4TestRunner.java:36)

testAxisMargins(org.jfree.chart.axis.junit.ValueAxisTests): Cannot invoke "org.jfree.chart.renderer.xy.XYItemRenderer.getAnnotations()" because "v_r_2115_line_4493" is null
Cannot invoke "org.jfree.chart.renderer.xy.XYItemRenderer.getAnnotations()" because "v_r_2115_line_4493" is null
java.lang.NullPointerException: Cannot invoke "org.jfree.chart.renderer.xy.XYItemRenderer.getAnnotations()" because "v_r_2115_line_4493" is null
	at org.jfree.chart.plot.XYPlot.getDataRange(XYPlot.java:5179)
	at org.jfree.chart.axis.NumberAxis.autoAdjustRange(NumberAxis.java:482)
	at org.jfree.chart.axis.NumberAxis.configure(NumberAxis.java:449)
	at org.jfree.chart.axis.Axis.setPlot(Axis.java:1159)
	at org.jfree.chart.plot.XYPlot.<init>(XYPlot.java:711)
	at org.jfree.chart.ChartFactory.createScatterPlot(ChartFactory.java:1540)
	at org.jfree.chart.axis.junit.ValueAxisTests.testAxisMargins(ValueAxisTests.java:247)
	at java.base/jdk.internal.reflect.NativeMethodAccessorImpl.invoke0(Native Method)
	at java.base/jdk.internal.reflect.NativeMethodAccessorImpl.invoke(NativeMethodAccessorImpl.java:77)
	at java.base/jdk.internal.reflect.DelegatingMethodAccessorImpl.invoke(DelegatingMethodAccessorImpl.java:43)
	at java.base/java.lang.reflect.Method.invoke(Method.java:569)
	at junit.framework.TestCase.runTest(TestCase.java:177)
	at junit.framework.TestCase.runBare(TestCase.java:142)
	at junit.framework.TestResult$1.protect(TestResult.java:122)
	at junit.framework.TestResult.runProtected(TestResult.java:142)
	at junit.framework.TestResult.run(TestResult.java:125)
	at junit.framework.TestCase.run(TestCase.java:130)
	at junit.framework.TestSuite.runTest(TestSuite.java:241)
	at junit.framework.TestSuite.run(TestSuite.java:236)
	at org.junit.internal.runners.JUnit38ClassRunner.run(JUnit38ClassRunner.java:90)
	at org.junit.runner.JUnitCore.run(JUnitCore.java:137)
	at logicfl.coverage.JUnit4TestRunner.main(JUnit4TestRunner.java:36)

testSerialization4(org.jfree.chart.junit.JFreeChartTests): Cannot invoke "org.jfree.chart.renderer.xy.XYItemRenderer.getAnnotations()" because "v_r_2115_line_4493" is null
Cannot invoke "org.jfree.chart.renderer.xy.XYItemRenderer.getAnnotations()" because "v_r_2115_line_4493" is null
java.lang.NullPointerException: Cannot invoke "org.jfree.chart.renderer.xy.XYItemRenderer.getAnnotations()" because "v_r_2115_line_4493" is null
	at org.jfree.chart.plot.XYPlot.getDataRange(XYPlot.java:5179)
	at org.jfree.chart.axis.DateAxis.autoAdjustRange(DateAxis.java:1571)
	at org.jfree.chart.axis.DateAxis.configure(DateAxis.java:767)
	at org.jfree.chart.axis.Axis.setPlot(Axis.java:1159)
	at org.jfree.chart.plot.XYPlot.<init>(XYPlot.java:711)
	at org.jfree.chart.ChartFactory.createTimeSeriesChart(ChartFactory.java:2070)
	at org.jfree.chart.junit.JFreeChartTests.testSerialization4(JFreeChartTests.java:472)
	at java.base/jdk.internal.reflect.NativeMethodAccessorImpl.invoke0(Native Method)
	at java.base/jdk.internal.reflect.NativeMethodAccessorImpl.invoke(NativeMethodAccessorImpl.java:77)
	at java.base/jdk.internal.reflect.DelegatingMethodAccessorImpl.invoke(DelegatingMethodAccessorImpl.java:43)
	at java.base/java.lang.reflect.Method.invoke(Method.java:569)
	at junit.framework.TestCase.runTest(TestCase.java:177)
	at junit.framework.TestCase.runBare(TestCase.java:142)
	at junit.framework.TestResult$1.protect(TestResult.java:122)
	at junit.framework.TestResult.runProtected(TestResult.java:142)
	at junit.framework.TestResult.run(TestResult.java:125)
	at junit.framework.TestCase.run(TestCase.java:130)
	at junit.framework.TestSuite.runTest(TestSuite.java:241)
	at junit.framework.TestSuite.run(TestSuite.java:236)
	at org.junit.internal.runners.JUnit38ClassRunner.run(JUnit38ClassRunner.java:90)
	at org.junit.runner.JUnitCore.run(JUnitCore.java:137)
	at logicfl.coverage.JUnit4TestRunner.main(JUnit4TestRunner.java:36)

testXYAutoRange1(org.jfree.chart.axis.junit.LogAxisTests): Cannot invoke "org.jfree.chart.renderer.xy.XYItemRenderer.getAnnotations()" because "v_r_2115_line_4493" is null
Cannot invoke "org.jfree.chart.renderer.xy.XYItemRenderer.getAnnotations()" because "v_r_2115_line_4493" is null
java.lang.NullPointerException: Cannot invoke "org.jfree.chart.renderer.xy.XYItemRenderer.getAnnotations()" because "v_r_2115_line_4493" is null
	at org.jfree.chart.plot.XYPlot.getDataRange(XYPlot.java:5179)
	at org.jfree.chart.axis.NumberAxis.autoAdjustRange(NumberAxis.java:482)
	at org.jfree.chart.axis.NumberAxis.configure(NumberAxis.java:449)
	at org.jfree.chart.axis.Axis.setPlot(Axis.java:1159)
	at org.jfree.chart.plot.XYPlot.<init>(XYPlot.java:711)
	at org.jfree.chart.ChartFactory.createScatterPlot(ChartFactory.java:1540)
	at org.jfree.chart.axis.junit.LogAxisTests.testXYAutoRange1(LogAxisTests.java:274)
	at java.base/jdk.internal.reflect.NativeMethodAccessorImpl.invoke0(Native Method)
	at java.base/jdk.internal.reflect.NativeMethodAccessorImpl.invoke(NativeMethodAccessorImpl.java:77)
	at java.base/jdk.internal.reflect.DelegatingMethodAccessorImpl.invoke(DelegatingMethodAccessorImpl.java:43)
	at java.base/java.lang.reflect.Method.invoke(Method.java:569)
	at junit.framework.TestCase.runTest(TestCase.java:177)
	at junit.framework.TestCase.runBare(TestCase.java:142)
	at junit.framework.TestResult$1.protect(TestResult.java:122)
	at junit.framework.TestResult.runProtected(TestResult.java:142)
	at junit.framework.TestResult.run(TestResult.java:125)
	at junit.framework.TestCase.run(TestCase.java:130)
	at junit.framework.TestSuite.runTest(TestSuite.java:241)
	at junit.framework.TestSuite.run(TestSuite.java:236)
	at org.junit.internal.runners.JUnit38ClassRunner.run(JUnit38ClassRunner.java:90)
	at org.junit.runner.JUnitCore.run(JUnitCore.java:137)
	at logicfl.coverage.JUnit4TestRunner.main(JUnit4TestRunner.java:36)

testXYAutoRange2(org.jfree.chart.axis.junit.LogAxisTests): Cannot invoke "org.jfree.chart.renderer.xy.XYItemRenderer.getAnnotations()" because "v_r_2115_line_4493" is null
Cannot invoke "org.jfree.chart.renderer.xy.XYItemRenderer.getAnnotations()" because "v_r_2115_line_4493" is null
java.lang.NullPointerException: Cannot invoke "org.jfree.chart.renderer.xy.XYItemRenderer.getAnnotations()" because "v_r_2115_line_4493" is null
	at org.jfree.chart.plot.XYPlot.getDataRange(XYPlot.java:5179)
	at org.jfree.chart.axis.NumberAxis.autoAdjustRange(NumberAxis.java:482)
	at org.jfree.chart.axis.NumberAxis.configure(NumberAxis.java:449)
	at org.jfree.chart.axis.Axis.setPlot(Axis.java:1159)
	at org.jfree.chart.plot.XYPlot.<init>(XYPlot.java:711)
	at org.jfree.chart.ChartFactory.createScatterPlot(ChartFactory.java:1540)
	at org.jfree.chart.axis.junit.LogAxisTests.testXYAutoRange2(LogAxisTests.java:310)
	at java.base/jdk.internal.reflect.NativeMethodAccessorImpl.invoke0(Native Method)
	at java.base/jdk.internal.reflect.NativeMethodAccessorImpl.invoke(NativeMethodAccessorImpl.java:77)
	at java.base/jdk.internal.reflect.DelegatingMethodAccessorImpl.invoke(DelegatingMethodAccessorImpl.java:43)
	at java.base/java.lang.reflect.Method.invoke(Method.java:569)
	at junit.framework.TestCase.runTest(TestCase.java:177)
	at junit.framework.TestCase.runBare(TestCase.java:142)
	at junit.framework.TestResult$1.protect(TestResult.java:122)
	at junit.framework.TestResult.runProtected(TestResult.java:142)
	at junit.framework.TestResult.run(TestResult.java:125)
	at junit.framework.TestCase.run(TestCase.java:130)
	at junit.framework.TestSuite.runTest(TestSuite.java:241)
	at junit.framework.TestSuite.run(TestSuite.java:236)
	at org.junit.internal.runners.JUnit38ClassRunner.run(JUnit38ClassRunner.java:90)
	at org.junit.runner.JUnitCore.run(JUnitCore.java:137)
	at logicfl.coverage.JUnit4TestRunner.main(JUnit4TestRunner.java:36)

testXYAutoRange1(org.jfree.chart.axis.junit.NumberAxisTests): Cannot invoke "org.jfree.chart.renderer.xy.XYItemRenderer.getAnnotations()" because "v_r_2115_line_4493" is null
Cannot invoke "org.jfree.chart.renderer.xy.XYItemRenderer.getAnnotations()" because "v_r_2115_line_4493" is null
java.lang.NullPointerException: Cannot invoke "org.jfree.chart.renderer.xy.XYItemRenderer.getAnnotations()" because "v_r_2115_line_4493" is null
	at org.jfree.chart.plot.XYPlot.getDataRange(XYPlot.java:5179)
	at org.jfree.chart.axis.NumberAxis.autoAdjustRange(NumberAxis.java:482)
	at org.jfree.chart.axis.NumberAxis.configure(NumberAxis.java:449)
	at org.jfree.chart.axis.Axis.setPlot(Axis.java:1159)
	at org.jfree.chart.plot.XYPlot.<init>(XYPlot.java:711)
	at org.jfree.chart.ChartFactory.createScatterPlot(ChartFactory.java:1540)
	at org.jfree.chart.axis.junit.NumberAxisTests.testXYAutoRange1(NumberAxisTests.java:368)
	at java.base/jdk.internal.reflect.NativeMethodAccessorImpl.invoke0(Native Method)
	at java.base/jdk.internal.reflect.NativeMethodAccessorImpl.invoke(NativeMethodAccessorImpl.java:77)
	at java.base/jdk.internal.reflect.DelegatingMethodAccessorImpl.invoke(DelegatingMethodAccessorImpl.java:43)
	at java.base/java.lang.reflect.Method.invoke(Method.java:569)
	at junit.framework.TestCase.runTest(TestCase.java:177)
	at junit.framework.TestCase.runBare(TestCase.java:142)
	at junit.framework.TestResult$1.protect(TestResult.java:122)
	at junit.framework.TestResult.runProtected(TestResult.java:142)
	at junit.framework.TestResult.run(TestResult.java:125)
	at junit.framework.TestCase.run(TestCase.java:130)
	at junit.framework.TestSuite.runTest(TestSuite.java:241)
	at junit.framework.TestSuite.run(TestSuite.java:236)
	at org.junit.internal.runners.JUnit38ClassRunner.run(JUnit38ClassRunner.java:90)
	at org.junit.runner.JUnitCore.run(JUnitCore.java:137)
	at logicfl.coverage.JUnit4TestRunner.main(JUnit4TestRunner.java:36)

testXYAutoRange2(org.jfree.chart.axis.junit.NumberAxisTests): Cannot invoke "org.jfree.chart.renderer.xy.XYItemRenderer.getAnnotations()" because "v_r_2115_line_4493" is null
Cannot invoke "org.jfree.chart.renderer.xy.XYItemRenderer.getAnnotations()" because "v_r_2115_line_4493" is null
java.lang.NullPointerException: Cannot invoke "org.jfree.chart.renderer.xy.XYItemRenderer.getAnnotations()" because "v_r_2115_line_4493" is null
	at org.jfree.chart.plot.XYPlot.getDataRange(XYPlot.java:5179)
	at org.jfree.chart.axis.NumberAxis.autoAdjustRange(NumberAxis.java:482)
	at org.jfree.chart.axis.NumberAxis.configure(NumberAxis.java:449)
	at org.jfree.chart.axis.Axis.setPlot(Axis.java:1159)
	at org.jfree.chart.plot.XYPlot.<init>(XYPlot.java:711)
	at org.jfree.chart.ChartFactory.createScatterPlot(ChartFactory.java:1540)
	at org.jfree.chart.axis.junit.NumberAxisTests.testXYAutoRange2(NumberAxisTests.java:404)
	at java.base/jdk.internal.reflect.NativeMethodAccessorImpl.invoke0(Native Method)
	at java.base/jdk.internal.reflect.NativeMethodAccessorImpl.invoke(NativeMethodAccessorImpl.java:77)
	at java.base/jdk.internal.reflect.DelegatingMethodAccessorImpl.invoke(DelegatingMethodAccessorImpl.java:43)
	at java.base/java.lang.reflect.Method.invoke(Method.java:569)
	at junit.framework.TestCase.runTest(TestCase.java:177)
	at junit.framework.TestCase.runBare(TestCase.java:142)
	at junit.framework.TestResult$1.protect(TestResult.java:122)
	at junit.framework.TestResult.runProtected(TestResult.java:142)
	at junit.framework.TestResult.run(TestResult.java:125)
	at junit.framework.TestCase.run(TestCase.java:130)
	at junit.framework.TestSuite.runTest(TestSuite.java:241)
	at junit.framework.TestSuite.run(TestSuite.java:236)
	at org.junit.internal.runners.JUnit38ClassRunner.run(JUnit38ClassRunner.java:90)
	at org.junit.runner.JUnitCore.run(JUnitCore.java:137)
	at logicfl.coverage.JUnit4TestRunner.main(JUnit4TestRunner.java:36)

testDrawWithNullInfo(org.jfree.chart.junit.TimeSeriesChartTests): Cannot invoke "org.jfree.chart.renderer.xy.XYItemRenderer.getAnnotations()" because "v_r_2115_line_4493" is null
Cannot invoke "org.jfree.chart.renderer.xy.XYItemRenderer.getAnnotations()" because "v_r_2115_line_4493" is null
java.lang.NullPointerException: Cannot invoke "org.jfree.chart.renderer.xy.XYItemRenderer.getAnnotations()" because "v_r_2115_line_4493" is null
	at org.jfree.chart.plot.XYPlot.getDataRange(XYPlot.java:5179)
	at org.jfree.chart.axis.DateAxis.autoAdjustRange(DateAxis.java:1571)
	at org.jfree.chart.axis.DateAxis.configure(DateAxis.java:767)
	at org.jfree.chart.axis.Axis.setPlot(Axis.java:1159)
	at org.jfree.chart.plot.XYPlot.<init>(XYPlot.java:711)
	at org.jfree.chart.ChartFactory.createTimeSeriesChart(ChartFactory.java:2070)
	at org.jfree.chart.junit.TimeSeriesChartTests.createChart(TimeSeriesChartTests.java:192)
	at org.jfree.chart.junit.TimeSeriesChartTests.setUp(TimeSeriesChartTests.java:96)
	at junit.framework.TestCase.runBare(TestCase.java:140)
	at junit.framework.TestResult$1.protect(TestResult.java:122)
	at junit.framework.TestResult.runProtected(TestResult.java:142)
	at junit.framework.TestResult.run(TestResult.java:125)
	at junit.framework.TestCase.run(TestCase.java:130)
	at junit.framework.TestSuite.runTest(TestSuite.java:241)
	at junit.framework.TestSuite.run(TestSuite.java:236)
	at org.junit.internal.runners.JUnit38ClassRunner.run(JUnit38ClassRunner.java:90)
	at org.junit.runner.JUnitCore.run(JUnitCore.java:137)
	at logicfl.coverage.JUnit4TestRunner.main(JUnit4TestRunner.java:36)

testSetSeriesToolTipGenerator(org.jfree.chart.junit.TimeSeriesChartTests): Cannot invoke "org.jfree.chart.renderer.xy.XYItemRenderer.getAnnotations()" because "v_r_2115_line_4493" is null
Cannot invoke "org.jfree.chart.renderer.xy.XYItemRenderer.getAnnotations()" because "v_r_2115_line_4493" is null
java.lang.NullPointerException: Cannot invoke "org.jfree.chart.renderer.xy.XYItemRenderer.getAnnotations()" because "v_r_2115_line_4493" is null
	at org.jfree.chart.plot.XYPlot.getDataRange(XYPlot.java:5179)
	at org.jfree.chart.axis.DateAxis.autoAdjustRange(DateAxis.java:1571)
	at org.jfree.chart.axis.DateAxis.configure(DateAxis.java:767)
	at org.jfree.chart.axis.Axis.setPlot(Axis.java:1159)
	at org.jfree.chart.plot.XYPlot.<init>(XYPlot.java:711)
	at org.jfree.chart.ChartFactory.createTimeSeriesChart(ChartFactory.java:2070)
	at org.jfree.chart.junit.TimeSeriesChartTests.createChart(TimeSeriesChartTests.java:192)
	at org.jfree.chart.junit.TimeSeriesChartTests.setUp(TimeSeriesChartTests.java:96)
	at junit.framework.TestCase.runBare(TestCase.java:140)
	at junit.framework.TestResult$1.protect(TestResult.java:122)
	at junit.framework.TestResult.runProtected(TestResult.java:142)
	at junit.framework.TestResult.run(TestResult.java:125)
	at junit.framework.TestCase.run(TestCase.java:130)
	at junit.framework.TestSuite.runTest(TestSuite.java:241)
	at junit.framework.TestSuite.run(TestSuite.java:236)
	at org.junit.internal.runners.JUnit38ClassRunner.run(JUnit38ClassRunner.java:90)
	at org.junit.runner.JUnitCore.run(JUnitCore.java:137)
	at logicfl.coverage.JUnit4TestRunner.main(JUnit4TestRunner.java:36)

testReplaceDataset(org.jfree.chart.junit.TimeSeriesChartTests): Cannot invoke "org.jfree.chart.renderer.xy.XYItemRenderer.getAnnotations()" because "v_r_2115_line_4493" is null
Cannot invoke "org.jfree.chart.renderer.xy.XYItemRenderer.getAnnotations()" because "v_r_2115_line_4493" is null
java.lang.NullPointerException: Cannot invoke "org.jfree.chart.renderer.xy.XYItemRenderer.getAnnotations()" because "v_r_2115_line_4493" is null
	at org.jfree.chart.plot.XYPlot.getDataRange(XYPlot.java:5179)
	at org.jfree.chart.axis.DateAxis.autoAdjustRange(DateAxis.java:1571)
	at org.jfree.chart.axis.DateAxis.configure(DateAxis.java:767)
	at org.jfree.chart.axis.Axis.setPlot(Axis.java:1159)
	at org.jfree.chart.plot.XYPlot.<init>(XYPlot.java:711)
	at org.jfree.chart.ChartFactory.createTimeSeriesChart(ChartFactory.java:2070)
	at org.jfree.chart.junit.TimeSeriesChartTests.createChart(TimeSeriesChartTests.java:192)
	at org.jfree.chart.junit.TimeSeriesChartTests.setUp(TimeSeriesChartTests.java:96)
	at junit.framework.TestCase.runBare(TestCase.java:140)
	at junit.framework.TestResult$1.protect(TestResult.java:122)
	at junit.framework.TestResult.runProtected(TestResult.java:142)
	at junit.framework.TestResult.run(TestResult.java:125)
	at junit.framework.TestCase.run(TestCase.java:130)
	at junit.framework.TestSuite.runTest(TestSuite.java:241)
	at junit.framework.TestSuite.run(TestSuite.java:236)
	at org.junit.internal.runners.JUnit38ClassRunner.run(JUnit38ClassRunner.java:90)
	at org.junit.runner.JUnitCore.run(JUnitCore.java:137)
	at logicfl.coverage.JUnit4TestRunner.main(JUnit4TestRunner.java:36)

testDrawWithNullInfo(org.jfree.chart.junit.XYStepAreaChartTests): Cannot invoke "org.jfree.chart.renderer.xy.XYItemRenderer.getAnnotations()" because "v_r_2115_line_4493" is null
Cannot invoke "org.jfree.chart.renderer.xy.XYItemRenderer.getAnnotations()" because "v_r_2115_line_4493" is null
java.lang.NullPointerException: Cannot invoke "org.jfree.chart.renderer.xy.XYItemRenderer.getAnnotations()" because "v_r_2115_line_4493" is null
	at org.jfree.chart.plot.XYPlot.getDataRange(XYPlot.java:5179)
	at org.jfree.chart.axis.NumberAxis.autoAdjustRange(NumberAxis.java:482)
	at org.jfree.chart.axis.NumberAxis.configure(NumberAxis.java:449)
	at org.jfree.chart.axis.Axis.setPlot(Axis.java:1159)
	at org.jfree.chart.plot.XYPlot.<init>(XYPlot.java:711)
	at org.jfree.chart.ChartFactory.createXYStepAreaChart(ChartFactory.java:2005)
	at org.jfree.chart.junit.XYStepAreaChartTests.createChart(XYStepAreaChartTests.java:192)
	at org.jfree.chart.junit.XYStepAreaChartTests.setUp(XYStepAreaChartTests.java:97)
	at junit.framework.TestCase.runBare(TestCase.java:140)
	at junit.framework.TestResult$1.protect(TestResult.java:122)
	at junit.framework.TestResult.runProtected(TestResult.java:142)
	at junit.framework.TestResult.run(TestResult.java:125)
	at junit.framework.TestCase.run(TestCase.java:130)
	at junit.framework.TestSuite.runTest(TestSuite.java:241)
	at junit.framework.TestSuite.run(TestSuite.java:236)
	at org.junit.internal.runners.JUnit38ClassRunner.run(JUnit38ClassRunner.java:90)
	at org.junit.runner.JUnitCore.run(JUnitCore.java:137)
	at logicfl.coverage.JUnit4TestRunner.main(JUnit4TestRunner.java:36)

testSetSeriesToolTipGenerator(org.jfree.chart.junit.XYStepAreaChartTests): Cannot invoke "org.jfree.chart.renderer.xy.XYItemRenderer.getAnnotations()" because "v_r_2115_line_4493" is null
Cannot invoke "org.jfree.chart.renderer.xy.XYItemRenderer.getAnnotations()" because "v_r_2115_line_4493" is null
java.lang.NullPointerException: Cannot invoke "org.jfree.chart.renderer.xy.XYItemRenderer.getAnnotations()" because "v_r_2115_line_4493" is null
	at org.jfree.chart.plot.XYPlot.getDataRange(XYPlot.java:5179)
	at org.jfree.chart.axis.NumberAxis.autoAdjustRange(NumberAxis.java:482)
	at org.jfree.chart.axis.NumberAxis.configure(NumberAxis.java:449)
	at org.jfree.chart.axis.Axis.setPlot(Axis.java:1159)
	at org.jfree.chart.plot.XYPlot.<init>(XYPlot.java:711)
	at org.jfree.chart.ChartFactory.createXYStepAreaChart(ChartFactory.java:2005)
	at org.jfree.chart.junit.XYStepAreaChartTests.createChart(XYStepAreaChartTests.java:192)
	at org.jfree.chart.junit.XYStepAreaChartTests.setUp(XYStepAreaChartTests.java:97)
	at junit.framework.TestCase.runBare(TestCase.java:140)
	at junit.framework.TestResult$1.protect(TestResult.java:122)
	at junit.framework.TestResult.runProtected(TestResult.java:142)
	at junit.framework.TestResult.run(TestResult.java:125)
	at junit.framework.TestCase.run(TestCase.java:130)
	at junit.framework.TestSuite.runTest(TestSuite.java:241)
	at junit.framework.TestSuite.run(TestSuite.java:236)
	at org.junit.internal.runners.JUnit38ClassRunner.run(JUnit38ClassRunner.java:90)
	at org.junit.runner.JUnitCore.run(JUnitCore.java:137)
	at logicfl.coverage.JUnit4TestRunner.main(JUnit4TestRunner.java:36)

testReplaceDataset(org.jfree.chart.junit.XYStepAreaChartTests): Cannot invoke "org.jfree.chart.renderer.xy.XYItemRenderer.getAnnotations()" because "v_r_2115_line_4493" is null
Cannot invoke "org.jfree.chart.renderer.xy.XYItemRenderer.getAnnotations()" because "v_r_2115_line_4493" is null
java.lang.NullPointerException: Cannot invoke "org.jfree.chart.renderer.xy.XYItemRenderer.getAnnotations()" because "v_r_2115_line_4493" is null
	at org.jfree.chart.plot.XYPlot.getDataRange(XYPlot.java:5179)
	at org.jfree.chart.axis.NumberAxis.autoAdjustRange(NumberAxis.java:482)
	at org.jfree.chart.axis.NumberAxis.configure(NumberAxis.java:449)
	at org.jfree.chart.axis.Axis.setPlot(Axis.java:1159)
	at org.jfree.chart.plot.XYPlot.<init>(XYPlot.java:711)
	at org.jfree.chart.ChartFactory.createXYStepAreaChart(ChartFactory.java:2005)
	at org.jfree.chart.junit.XYStepAreaChartTests.createChart(XYStepAreaChartTests.java:192)
	at org.jfree.chart.junit.XYStepAreaChartTests.setUp(XYStepAreaChartTests.java:97)
	at junit.framework.TestCase.runBare(TestCase.java:140)
	at junit.framework.TestResult$1.protect(TestResult.java:122)
	at junit.framework.TestResult.runProtected(TestResult.java:142)
	at junit.framework.TestResult.run(TestResult.java:125)
	at junit.framework.TestCase.run(TestCase.java:130)
	at junit.framework.TestSuite.runTest(TestSuite.java:241)
	at junit.framework.TestSuite.run(TestSuite.java:236)
	at org.junit.internal.runners.JUnit38ClassRunner.run(JUnit38ClassRunner.java:90)
	at org.junit.runner.JUnitCore.run(JUnitCore.java:137)
	at logicfl.coverage.JUnit4TestRunner.main(JUnit4TestRunner.java:36)

testDrawWithNullInfo(org.jfree.chart.junit.ScatterPlotTests): Cannot invoke "org.jfree.chart.renderer.xy.XYItemRenderer.getAnnotations()" because "v_r_2115_line_4493" is null
Cannot invoke "org.jfree.chart.renderer.xy.XYItemRenderer.getAnnotations()" because "v_r_2115_line_4493" is null
java.lang.NullPointerException: Cannot invoke "org.jfree.chart.renderer.xy.XYItemRenderer.getAnnotations()" because "v_r_2115_line_4493" is null
	at org.jfree.chart.plot.XYPlot.getDataRange(XYPlot.java:5179)
	at org.jfree.chart.axis.NumberAxis.autoAdjustRange(NumberAxis.java:482)
	at org.jfree.chart.axis.NumberAxis.configure(NumberAxis.java:449)
	at org.jfree.chart.axis.Axis.setPlot(Axis.java:1159)
	at org.jfree.chart.plot.XYPlot.<init>(XYPlot.java:711)
	at org.jfree.chart.ChartFactory.createScatterPlot(ChartFactory.java:1540)
	at org.jfree.chart.junit.ScatterPlotTests.createChart(ScatterPlotTests.java:196)
	at org.jfree.chart.junit.ScatterPlotTests.setUp(ScatterPlotTests.java:99)
	at junit.framework.TestCase.runBare(TestCase.java:140)
	at junit.framework.TestResult$1.protect(TestResult.java:122)
	at junit.framework.TestResult.runProtected(TestResult.java:142)
	at junit.framework.TestResult.run(TestResult.java:125)
	at junit.framework.TestCase.run(TestCase.java:130)
	at junit.framework.TestSuite.runTest(TestSuite.java:241)
	at junit.framework.TestSuite.run(TestSuite.java:236)
	at org.junit.internal.runners.JUnit38ClassRunner.run(JUnit38ClassRunner.java:90)
	at org.junit.runner.JUnitCore.run(JUnitCore.java:137)
	at logicfl.coverage.JUnit4TestRunner.main(JUnit4TestRunner.java:36)

testSetSeriesToolTipGenerator(org.jfree.chart.junit.ScatterPlotTests): Cannot invoke "org.jfree.chart.renderer.xy.XYItemRenderer.getAnnotations()" because "v_r_2115_line_4493" is null
Cannot invoke "org.jfree.chart.renderer.xy.XYItemRenderer.getAnnotations()" because "v_r_2115_line_4493" is null
java.lang.NullPointerException: Cannot invoke "org.jfree.chart.renderer.xy.XYItemRenderer.getAnnotations()" because "v_r_2115_line_4493" is null
	at org.jfree.chart.plot.XYPlot.getDataRange(XYPlot.java:5179)
	at org.jfree.chart.axis.NumberAxis.autoAdjustRange(NumberAxis.java:482)
	at org.jfree.chart.axis.NumberAxis.configure(NumberAxis.java:449)
	at org.jfree.chart.axis.Axis.setPlot(Axis.java:1159)
	at org.jfree.chart.plot.XYPlot.<init>(XYPlot.java:711)
	at org.jfree.chart.ChartFactory.createScatterPlot(ChartFactory.java:1540)
	at org.jfree.chart.junit.ScatterPlotTests.createChart(ScatterPlotTests.java:196)
	at org.jfree.chart.junit.ScatterPlotTests.setUp(ScatterPlotTests.java:99)
	at junit.framework.TestCase.runBare(TestCase.java:140)
	at junit.framework.TestResult$1.protect(TestResult.java:122)
	at junit.framework.TestResult.runProtected(TestResult.java:142)
	at junit.framework.TestResult.run(TestResult.java:125)
	at junit.framework.TestCase.run(TestCase.java:130)
	at junit.framework.TestSuite.runTest(TestSuite.java:241)
	at junit.framework.TestSuite.run(TestSuite.java:236)
	at org.junit.internal.runners.JUnit38ClassRunner.run(JUnit38ClassRunner.java:90)
	at org.junit.runner.JUnitCore.run(JUnitCore.java:137)
	at logicfl.coverage.JUnit4TestRunner.main(JUnit4TestRunner.java:36)

testReplaceDataset(org.jfree.chart.junit.ScatterPlotTests): Cannot invoke "org.jfree.chart.renderer.xy.XYItemRenderer.getAnnotations()" because "v_r_2115_line_4493" is null
Cannot invoke "org.jfree.chart.renderer.xy.XYItemRenderer.getAnnotations()" because "v_r_2115_line_4493" is null
java.lang.NullPointerException: Cannot invoke "org.jfree.chart.renderer.xy.XYItemRenderer.getAnnotations()" because "v_r_2115_line_4493" is null
	at org.jfree.chart.plot.XYPlot.getDataRange(XYPlot.java:5179)
	at org.jfree.chart.axis.NumberAxis.autoAdjustRange(NumberAxis.java:482)
	at org.jfree.chart.axis.NumberAxis.configure(NumberAxis.java:449)
	at org.jfree.chart.axis.Axis.setPlot(Axis.java:1159)
	at org.jfree.chart.plot.XYPlot.<init>(XYPlot.java:711)
	at org.jfree.chart.ChartFactory.createScatterPlot(ChartFactory.java:1540)
	at org.jfree.chart.junit.ScatterPlotTests.createChart(ScatterPlotTests.java:196)
	at org.jfree.chart.junit.ScatterPlotTests.setUp(ScatterPlotTests.java:99)
	at junit.framework.TestCase.runBare(TestCase.java:140)
	at junit.framework.TestResult$1.protect(TestResult.java:122)
	at junit.framework.TestResult.runProtected(TestResult.java:142)
	at junit.framework.TestResult.run(TestResult.java:125)
	at junit.framework.TestCase.run(TestCase.java:130)
	at junit.framework.TestSuite.runTest(TestSuite.java:241)
	at junit.framework.TestSuite.run(TestSuite.java:236)
	at org.junit.internal.runners.JUnit38ClassRunner.run(JUnit38ClassRunner.java:90)
	at org.junit.runner.JUnitCore.run(JUnitCore.java:137)
	at logicfl.coverage.JUnit4TestRunner.main(JUnit4TestRunner.java:36)

testDrawRangeGridlines(org.jfree.chart.plot.junit.XYPlotTests): Cannot invoke "org.jfree.chart.renderer.xy.XYItemRenderer.getAnnotations()" because "v_r_2115_line_4493" is null
Cannot invoke "org.jfree.chart.renderer.xy.XYItemRenderer.getAnnotations()" because "v_r_2115_line_4493" is null
java.lang.NullPointerException: Cannot invoke "org.jfree.chart.renderer.xy.XYItemRenderer.getAnnotations()" because "v_r_2115_line_4493" is null
	at org.jfree.chart.plot.XYPlot.getDataRange(XYPlot.java:5179)
	at org.jfree.chart.axis.NumberAxis.autoAdjustRange(NumberAxis.java:482)
	at org.jfree.chart.axis.NumberAxis.configure(NumberAxis.java:449)
	at org.jfree.chart.plot.XYPlot.configureDomainAxes(XYPlot.java:1147)
	at org.jfree.chart.plot.XYPlot.setRenderer(XYPlot.java:2018)
	at org.jfree.chart.plot.XYPlot.setRenderer(XYPlot.java:1974)
	at org.jfree.chart.plot.XYPlot.setRenderer(XYPlot.java:1957)
	at org.jfree.chart.plot.junit.XYPlotTests.testDrawRangeGridlines(XYPlotTests.java:1067)
	at java.base/jdk.internal.reflect.NativeMethodAccessorImpl.invoke0(Native Method)
	at java.base/jdk.internal.reflect.NativeMethodAccessorImpl.invoke(NativeMethodAccessorImpl.java:77)
	at java.base/jdk.internal.reflect.DelegatingMethodAccessorImpl.invoke(DelegatingMethodAccessorImpl.java:43)
	at java.base/java.lang.reflect.Method.invoke(Method.java:569)
	at junit.framework.TestCase.runTest(TestCase.java:177)
	at junit.framework.TestCase.runBare(TestCase.java:142)
	at junit.framework.TestResult$1.protect(TestResult.java:122)
	at junit.framework.TestResult.runProtected(TestResult.java:142)
	at junit.framework.TestResult.run(TestResult.java:125)
	at junit.framework.TestCase.run(TestCase.java:130)
	at junit.framework.TestSuite.runTest(TestSuite.java:241)
	at junit.framework.TestSuite.run(TestSuite.java:236)
	at org.junit.internal.runners.JUnit38ClassRunner.run(JUnit38ClassRunner.java:90)
	at org.junit.runner.JUnitCore.run(JUnitCore.java:137)
	at logicfl.coverage.JUnit4TestRunner.main(JUnit4TestRunner.java:36)

testDrawWithNullInfo(org.jfree.chart.junit.XYAreaChartTests): Cannot invoke "org.jfree.chart.renderer.xy.XYItemRenderer.getAnnotations()" because "v_r_2115_line_4493" is null
Cannot invoke "org.jfree.chart.renderer.xy.XYItemRenderer.getAnnotations()" because "v_r_2115_line_4493" is null
java.lang.NullPointerException: Cannot invoke "org.jfree.chart.renderer.xy.XYItemRenderer.getAnnotations()" because "v_r_2115_line_4493" is null
	at org.jfree.chart.plot.XYPlot.getDataRange(XYPlot.java:5179)
	at org.jfree.chart.axis.NumberAxis.autoAdjustRange(NumberAxis.java:482)
	at org.jfree.chart.axis.NumberAxis.configure(NumberAxis.java:449)
	at org.jfree.chart.axis.Axis.setPlot(Axis.java:1159)
	at org.jfree.chart.plot.XYPlot.<init>(XYPlot.java:711)
	at org.jfree.chart.ChartFactory.createXYAreaChart(ChartFactory.java:1687)
	at org.jfree.chart.junit.XYAreaChartTests.createChart(XYAreaChartTests.java:193)
	at org.jfree.chart.junit.XYAreaChartTests.setUp(XYAreaChartTests.java:97)
	at junit.framework.TestCase.runBare(TestCase.java:140)
	at junit.framework.TestResult$1.protect(TestResult.java:122)
	at junit.framework.TestResult.runProtected(TestResult.java:142)
	at junit.framework.TestResult.run(TestResult.java:125)
	at junit.framework.TestCase.run(TestCase.java:130)
	at junit.framework.TestSuite.runTest(TestSuite.java:241)
	at junit.framework.TestSuite.run(TestSuite.java:236)
	at org.junit.internal.runners.JUnit38ClassRunner.run(JUnit38ClassRunner.java:90)
	at org.junit.runner.JUnitCore.run(JUnitCore.java:137)
	at logicfl.coverage.JUnit4TestRunner.main(JUnit4TestRunner.java:36)

testSetSeriesToolTipGenerator(org.jfree.chart.junit.XYAreaChartTests): Cannot invoke "org.jfree.chart.renderer.xy.XYItemRenderer.getAnnotations()" because "v_r_2115_line_4493" is null
Cannot invoke "org.jfree.chart.renderer.xy.XYItemRenderer.getAnnotations()" because "v_r_2115_line_4493" is null
java.lang.NullPointerException: Cannot invoke "org.jfree.chart.renderer.xy.XYItemRenderer.getAnnotations()" because "v_r_2115_line_4493" is null
	at org.jfree.chart.plot.XYPlot.getDataRange(XYPlot.java:5179)
	at org.jfree.chart.axis.NumberAxis.autoAdjustRange(NumberAxis.java:482)
	at org.jfree.chart.axis.NumberAxis.configure(NumberAxis.java:449)
	at org.jfree.chart.axis.Axis.setPlot(Axis.java:1159)
	at org.jfree.chart.plot.XYPlot.<init>(XYPlot.java:711)
	at org.jfree.chart.ChartFactory.createXYAreaChart(ChartFactory.java:1687)
	at org.jfree.chart.junit.XYAreaChartTests.createChart(XYAreaChartTests.java:193)
	at org.jfree.chart.junit.XYAreaChartTests.setUp(XYAreaChartTests.java:97)
	at junit.framework.TestCase.runBare(TestCase.java:140)
	at junit.framework.TestResult$1.protect(TestResult.java:122)
	at junit.framework.TestResult.runProtected(TestResult.java:142)
	at junit.framework.TestResult.run(TestResult.java:125)
	at junit.framework.TestCase.run(TestCase.java:130)
	at junit.framework.TestSuite.runTest(TestSuite.java:241)
	at junit.framework.TestSuite.run(TestSuite.java:236)
	at org.junit.internal.runners.JUnit38ClassRunner.run(JUnit38ClassRunner.java:90)
	at org.junit.runner.JUnitCore.run(JUnitCore.java:137)
	at logicfl.coverage.JUnit4TestRunner.main(JUnit4TestRunner.java:36)

testReplaceDataset(org.jfree.chart.junit.XYAreaChartTests): Cannot invoke "org.jfree.chart.renderer.xy.XYItemRenderer.getAnnotations()" because "v_r_2115_line_4493" is null
Cannot invoke "org.jfree.chart.renderer.xy.XYItemRenderer.getAnnotations()" because "v_r_2115_line_4493" is null
java.lang.NullPointerException: Cannot invoke "org.jfree.chart.renderer.xy.XYItemRenderer.getAnnotations()" because "v_r_2115_line_4493" is null
	at org.jfree.chart.plot.XYPlot.getDataRange(XYPlot.java:5179)
	at org.jfree.chart.axis.NumberAxis.autoAdjustRange(NumberAxis.java:482)
	at org.jfree.chart.axis.NumberAxis.configure(NumberAxis.java:449)
	at org.jfree.chart.axis.Axis.setPlot(Axis.java:1159)
	at org.jfree.chart.plot.XYPlot.<init>(XYPlot.java:711)
	at org.jfree.chart.ChartFactory.createXYAreaChart(ChartFactory.java:1687)
	at org.jfree.chart.junit.XYAreaChartTests.createChart(XYAreaChartTests.java:193)
	at org.jfree.chart.junit.XYAreaChartTests.setUp(XYAreaChartTests.java:97)
	at junit.framework.TestCase.runBare(TestCase.java:140)
	at junit.framework.TestResult$1.protect(TestResult.java:122)
	at junit.framework.TestResult.runProtected(TestResult.java:142)
	at junit.framework.TestResult.run(TestResult.java:125)
	at junit.framework.TestCase.run(TestCase.java:130)
	at junit.framework.TestSuite.runTest(TestSuite.java:241)
	at junit.framework.TestSuite.run(TestSuite.java:236)
	at org.junit.internal.runners.JUnit38ClassRunner.run(JUnit38ClassRunner.java:90)
	at org.junit.runner.JUnitCore.run(JUnitCore.java:137)
	at logicfl.coverage.JUnit4TestRunner.main(JUnit4TestRunner.java:36)

Store NPE traces to /home/mario/Desktop/LogicFL/defects4j/Chart-4/result/probe.npe.traces.json
NPE Stack Traces exported to /home/mario/Desktop/LogicFL/defects4j/Chart-4/result/probe.npe.traces.json


val(p_renderer_1799, null, line(xyplot_1, 651)).
val(p_renderer_1799, null, line(xyplot_1, 652)).
val(p_renderer_1911, null, line(xyplot_1, 1607)).
val(p_renderer_1913, null, line(xyplot_1, 1620)).
val(p_renderer_1915, null, line(xyplot_1, 1639)).
val(p_renderer_1915, null, line(xyplot_1, 1640)).
val(xyplot_1_expr469, null, line(xyplot_1, 4473)).
val(v_r_2115, null, line(xyplot_1, 4493)).


Exec. Time - 00:00:23.011
dynamic_analyzer.sh executed successfully.
Getting configurations from config.properties
Running Fault Localizer with
Rules: ../../lib/npe-rules.pl
Facts: /home/mario/Desktop/LogicFL/defects4j/Chart-4/result/logic-fl.pl
Code Facts: /home/mario/Desktop/LogicFL/defects4j/Chart-4/result/code-facts.pl
consult Succeeded
NPE at line(xyplot_1, 4493) / Null Expression v_r_2115[r]
	can be caused by 
v_r_2115[r] at line(xyplot_1, 4493).

NPE at line(xyplot_1, 4493) / Null Expression v_r_2115[r]
	can be caused by 
v_result_1923[result] at line(xyplot_1, 1754).

NPE at line(xyplot_1, 4493) / Null Expression v_r_2115[r]
	can be caused by 
xyplot_1_expr343['(XYItemRenderer)this.renderers.get(i)'] at line(xyplot_1, 1747).

NPE at line(xyplot_1, 4493) / Null Expression v_r_2115[r]
	can be caused by 
v_result_3207[result] at line(abstract_object_list_1, 113).

NPE at line(xyplot_1, 4493) / Null Expression v_r_2115[r]
	can be caused by 
v_result_1910[result] at line(xyplot_1, 1593).

NPE at line(xyplot_1, 4493) / Null Expression v_r_2115[r]
	can be caused by 
xyplot_1_expr314['(XYItemRenderer)this.renderers.get(index)'] at line(xyplot_1, 1591).

NPE at line(xyplot_1, 4493) / Null Expression v_r_2115[r]
	can be caused by 
xyplot_1_literal63[null] at line(xyplot_1, 1744).

NPE at line(xyplot_1, 4493) / Null Expression v_r_2115[r]
	can be caused by 
xyplot_1_expr469['getRendererForDataset(d)'] at line(xyplot_1, 4473).

NPE at line(xyplot_1, 4493) / Null Expression v_r_2115[r]
	can be caused by 
xyplot_1_expr349['getRenderer()'] at line(xyplot_1, 1749).

NPE at line(xyplot_1, 4493) / Null Expression v_r_2115[r]
	can be caused by 
xyplot_1_expr344['this.renderers.get(i)'] at line(xyplot_1, 1747).

NPE at line(xyplot_1, 4493) / Null Expression v_r_2115[r]
	can be caused by 
xyplot_1_expr308['getRenderer(0)'] at line(xyplot_1, 1576).

NPE at line(xyplot_1, 4493) / Null Expression v_r_2115[r]
	can be caused by 
abstract_object_list_1_literal2[null] at line(abstract_object_list_1, 109).

NPE at line(xyplot_1, 4493) / Null Expression v_r_2115[r]
	can be caused by 
xyplot_1_literal58[null] at line(xyplot_1, 1589).

NPE at line(xyplot_1, 4493) / Null Expression v_r_2115[r]
	can be caused by 
xyplot_1_expr315['this.renderers.get(index)'] at line(xyplot_1, 1591).

Total 14 Identified Fault Locations for NPE.
Exec. Time - 00:00:01.530
localizer.sh executed successfully.
All scripts executed successfully.
Test results (Chart-4):
  Passed test classes: 12
  Failed test classes: 11
  Failed tests: 22
  Failed test list:
    - org.jfree.chart.axis.junit.LogAxisTests::testXYAutoRange1
    - org.jfree.chart.axis.junit.LogAxisTests::testXYAutoRange2
    - org.jfree.chart.axis.junit.NumberAxisTests::testXYAutoRange1
    - org.jfree.chart.axis.junit.NumberAxisTests::testXYAutoRange2
    - org.jfree.chart.axis.junit.ValueAxisTests::testAxisMargins
    - org.jfree.chart.junit.JFreeChartTests::testSerialization4
    - org.jfree.chart.junit.ScatterPlotTests::testDrawWithNullInfo
    - org.jfree.chart.junit.ScatterPlotTests::testSetSeriesToolTipGenerator
    - org.jfree.chart.junit.ScatterPlotTests::testReplaceDataset
    - org.jfree.chart.junit.TimeSeriesChartTests::testDrawWithNullInfo
    - org.jfree.chart.junit.TimeSeriesChartTests::testSetSeriesToolTipGenerator
    - org.jfree.chart.junit.TimeSeriesChartTests::testReplaceDataset
    - org.jfree.chart.junit.XYAreaChartTests::testDrawWithNullInfo
    - org.jfree.chart.junit.XYAreaChartTests::testSetSeriesToolTipGenerator
    - org.jfree.chart.junit.XYAreaChartTests::testReplaceDataset
    - org.jfree.chart.junit.XYStepAreaChartTests::testDrawWithNullInfo
    - org.jfree.chart.junit.XYStepAreaChartTests::testSetSeriesToolTipGenerator
    - org.jfree.chart.junit.XYStepAreaChartTests::testReplaceDataset
    - org.jfree.chart.junit.XYStepChartTests::testDrawWithNullInfo
    - org.jfree.chart.junit.XYStepChartTests::testSetSeriesToolTipGenerator
    - org.jfree.chart.junit.XYStepChartTests::testReplaceDataset
    - org.jfree.chart.plot.junit.XYPlotTests::testDrawRangeGridlines
Completed: Chart-4
========================================

========================================
Running LogicFL for: Chart-14
Load configurations from config.properties
Load configurations from config.properties
Collecting coverage from failed tests...
Running Tests...
Executing command - /usr/bin/java -Xms256m -Xmx1024m -classpath ../../lib/*:lib/Chart-14_buggy_src.jar:lib/Chart-14_fixed_test.jar -javaagent:../../lib/jacocoagent.jar=excludes=org.junit.*,append=false,destfile=/home/mario/Desktop/LogicFL/defects4j/Chart-14/result/jacoco.exec logicfl.coverage.JUnit4TestRunner config.properties true /home/mario/Desktop/LogicFL/defects4j/Chart-14/result/npe.traces.json /home/mario/Desktop/LogicFL/defects4j/Chart-14/tests.json
Load configurations from config.properties
Loading test information from /home/mario/Desktop/LogicFL/defects4j/Chart-14/tests.json
Test execution summary:
Tests executed - 4
Tests succeeded - 0
Tests failed - 4
testRemoveRangeMarker(org.jfree.chart.plot.junit.XYPlotTests): Cannot invoke "java.util.ArrayList.remove(Object)" because "markers" is null
Cannot invoke "java.util.ArrayList.remove(Object)" because "markers" is null
java.lang.NullPointerException: Cannot invoke "java.util.ArrayList.remove(Object)" because "markers" is null
	at org.jfree.chart.plot.XYPlot.removeRangeMarker(XYPlot.java:2529)
	at org.jfree.chart.plot.XYPlot.removeRangeMarker(XYPlot.java:2498)
	at org.jfree.chart.plot.XYPlot.removeRangeMarker(XYPlot.java:2481)
	at org.jfree.chart.plot.XYPlot.removeRangeMarker(XYPlot.java:2465)
	at org.jfree.chart.plot.junit.XYPlotTests.testRemoveRangeMarker(XYPlotTests.java:1037)
	at java.base/jdk.internal.reflect.NativeMethodAccessorImpl.invoke0(Native Method)
	at java.base/jdk.internal.reflect.NativeMethodAccessorImpl.invoke(NativeMethodAccessorImpl.java:77)
	at java.base/jdk.internal.reflect.DelegatingMethodAccessorImpl.invoke(DelegatingMethodAccessorImpl.java:43)
	at java.base/java.lang.reflect.Method.invoke(Method.java:569)
	at junit.framework.TestCase.runTest(TestCase.java:177)
	at junit.framework.TestCase.runBare(TestCase.java:142)
	at junit.framework.TestResult$1.protect(TestResult.java:122)
	at junit.framework.TestResult.runProtected(TestResult.java:142)
	at junit.framework.TestResult.run(TestResult.java:125)
	at junit.framework.TestCase.run(TestCase.java:130)
	at junit.framework.TestSuite.runTest(TestSuite.java:241)
	at junit.framework.TestSuite.run(TestSuite.java:236)
	at org.junit.internal.runners.JUnit38ClassRunner.run(JUnit38ClassRunner.java:90)
	at org.junit.runner.JUnitCore.run(JUnitCore.java:137)
	at logicfl.coverage.JUnit4TestRunner.main(JUnit4TestRunner.java:36)

testRemoveDomainMarker(org.jfree.chart.plot.junit.XYPlotTests): Cannot invoke "java.util.ArrayList.remove(Object)" because "markers" is null
Cannot invoke "java.util.ArrayList.remove(Object)" because "markers" is null
java.lang.NullPointerException: Cannot invoke "java.util.ArrayList.remove(Object)" because "markers" is null
	at org.jfree.chart.plot.XYPlot.removeDomainMarker(XYPlot.java:2293)
	at org.jfree.chart.plot.XYPlot.removeDomainMarker(XYPlot.java:2265)
	at org.jfree.chart.plot.XYPlot.removeDomainMarker(XYPlot.java:2248)
	at org.jfree.chart.plot.XYPlot.removeDomainMarker(XYPlot.java:2232)
	at org.jfree.chart.plot.junit.XYPlotTests.testRemoveDomainMarker(XYPlotTests.java:1028)
	at java.base/jdk.internal.reflect.NativeMethodAccessorImpl.invoke0(Native Method)
	at java.base/jdk.internal.reflect.NativeMethodAccessorImpl.invoke(NativeMethodAccessorImpl.java:77)
	at java.base/jdk.internal.reflect.DelegatingMethodAccessorImpl.invoke(DelegatingMethodAccessorImpl.java:43)
	at java.base/java.lang.reflect.Method.invoke(Method.java:569)
	at junit.framework.TestCase.runTest(TestCase.java:177)
	at junit.framework.TestCase.runBare(TestCase.java:142)
	at junit.framework.TestResult$1.protect(TestResult.java:122)
	at junit.framework.TestResult.runProtected(TestResult.java:142)
	at junit.framework.TestResult.run(TestResult.java:125)
	at junit.framework.TestCase.run(TestCase.java:130)
	at junit.framework.TestSuite.runTest(TestSuite.java:241)
	at junit.framework.TestSuite.run(TestSuite.java:236)
	at org.junit.internal.runners.JUnit38ClassRunner.run(JUnit38ClassRunner.java:90)
	at org.junit.runner.JUnitCore.run(JUnitCore.java:137)
	at logicfl.coverage.JUnit4TestRunner.main(JUnit4TestRunner.java:36)

testRemoveRangeMarker(org.jfree.chart.plot.junit.CategoryPlotTests): Cannot invoke "java.util.ArrayList.remove(Object)" because "markers" is null
Cannot invoke "java.util.ArrayList.remove(Object)" because "markers" is null
java.lang.NullPointerException: Cannot invoke "java.util.ArrayList.remove(Object)" because "markers" is null
	at org.jfree.chart.plot.CategoryPlot.removeRangeMarker(CategoryPlot.java:2448)
	at org.jfree.chart.plot.CategoryPlot.removeRangeMarker(CategoryPlot.java:2415)
	at org.jfree.chart.plot.CategoryPlot.removeRangeMarker(CategoryPlot.java:2396)
	at org.jfree.chart.plot.CategoryPlot.removeRangeMarker(CategoryPlot.java:2378)
	at org.jfree.chart.plot.junit.CategoryPlotTests.testRemoveRangeMarker(CategoryPlotTests.java:780)
	at java.base/jdk.internal.reflect.NativeMethodAccessorImpl.invoke0(Native Method)
	at java.base/jdk.internal.reflect.NativeMethodAccessorImpl.invoke(NativeMethodAccessorImpl.java:77)
	at java.base/jdk.internal.reflect.DelegatingMethodAccessorImpl.invoke(DelegatingMethodAccessorImpl.java:43)
	at java.base/java.lang.reflect.Method.invoke(Method.java:569)
	at junit.framework.TestCase.runTest(TestCase.java:177)
	at junit.framework.TestCase.runBare(TestCase.java:142)
	at junit.framework.TestResult$1.protect(TestResult.java:122)
	at junit.framework.TestResult.runProtected(TestResult.java:142)
	at junit.framework.TestResult.run(TestResult.java:125)
	at junit.framework.TestCase.run(TestCase.java:130)
	at junit.framework.TestSuite.runTest(TestSuite.java:241)
	at junit.framework.TestSuite.run(TestSuite.java:236)
	at org.junit.internal.runners.JUnit38ClassRunner.run(JUnit38ClassRunner.java:90)
	at org.junit.runner.JUnitCore.run(JUnitCore.java:137)
	at logicfl.coverage.JUnit4TestRunner.main(JUnit4TestRunner.java:36)

testRemoveDomainMarker(org.jfree.chart.plot.junit.CategoryPlotTests): Cannot invoke "java.util.ArrayList.remove(Object)" because "markers" is null
Cannot invoke "java.util.ArrayList.remove(Object)" because "markers" is null
java.lang.NullPointerException: Cannot invoke "java.util.ArrayList.remove(Object)" because "markers" is null
	at org.jfree.chart.plot.CategoryPlot.removeDomainMarker(CategoryPlot.java:2166)
	at org.jfree.chart.plot.CategoryPlot.removeDomainMarker(CategoryPlot.java:2139)
	at org.jfree.chart.plot.CategoryPlot.removeDomainMarker(CategoryPlot.java:2122)
	at org.jfree.chart.plot.CategoryPlot.removeDomainMarker(CategoryPlot.java:2106)
	at org.jfree.chart.plot.junit.CategoryPlotTests.testRemoveDomainMarker(CategoryPlotTests.java:771)
	at java.base/jdk.internal.reflect.NativeMethodAccessorImpl.invoke0(Native Method)
	at java.base/jdk.internal.reflect.NativeMethodAccessorImpl.invoke(NativeMethodAccessorImpl.java:77)
	at java.base/jdk.internal.reflect.DelegatingMethodAccessorImpl.invoke(DelegatingMethodAccessorImpl.java:43)
	at java.base/java.lang.reflect.Method.invoke(Method.java:569)
	at junit.framework.TestCase.runTest(TestCase.java:177)
	at junit.framework.TestCase.runBare(TestCase.java:142)
	at junit.framework.TestResult$1.protect(TestResult.java:122)
	at junit.framework.TestResult.runProtected(TestResult.java:142)
	at junit.framework.TestResult.run(TestResult.java:125)
	at junit.framework.TestCase.run(TestCase.java:130)
	at junit.framework.TestSuite.runTest(TestSuite.java:241)
	at junit.framework.TestSuite.run(TestSuite.java:236)
	at org.junit.internal.runners.JUnit38ClassRunner.run(JUnit38ClassRunner.java:90)
	at org.junit.runner.JUnitCore.run(JUnitCore.java:137)
	at logicfl.coverage.JUnit4TestRunner.main(JUnit4TestRunner.java:36)

Store NPE traces to /home/mario/Desktop/LogicFL/defects4j/Chart-14/result/npe.traces.json
NPE Stack Traces exported to /home/mario/Desktop/LogicFL/defects4j/Chart-14/result/npe.traces.json

Analyzing Coverage Data...
Covered Classes:[org.jfree.chart.plot.XYPlot, org.jfree.chart.plot.DatasetRenderingOrder, org.jfree.chart.util.LengthAdjustmentType, org.jfree.chart.plot.PlotOrientation, org.jfree.chart.plot.junit.CategoryPlotTests, org.jfree.chart.util.RectangleInsets, org.jfree.chart.text.TextAnchor, org.jfree.chart.util.SortOrder, org.jfree.chart.event.MarkerChangeEvent, org.jfree.chart.event.ChartChangeEventType, org.jfree.chart.util.ObjectList, org.jfree.chart.util.AbstractObjectList, org.jfree.chart.ChartColor, org.jfree.chart.util.Layer, org.jfree.chart.plot.CategoryPlot, org.jfree.chart.plot.ValueMarker, org.jfree.chart.plot.DefaultDrawingSupplier, org.jfree.chart.plot.Plot, org.jfree.chart.plot.SeriesRenderingOrder, org.jfree.chart.plot.junit.XYPlotTests, org.jfree.chart.event.ChartChangeEvent, org.jfree.chart.axis.AxisLocation, org.jfree.chart.util.UnitType, org.jfree.chart.plot.CategoryMarker, org.jfree.chart.axis.CategoryAnchor, org.jfree.chart.plot.Marker, org.jfree.chart.util.RectangleAnchor, org.jfree.chart.event.PlotChangeEvent]
Coverage information exported to /home/mario/Desktop/LogicFL/defects4j/Chart-14/coverage.json
Collecting coverage complete.
Exec. Time - 00:00:01.014
coverage.sh executed successfully.
Getting configurations from config.properties
Total 28 Target classes.
Analyzing class - org.jfree.chart.ChartColor
Analyzing class - org.jfree.chart.axis.AxisLocation
Analyzing class - org.jfree.chart.axis.CategoryAnchor
Analyzing class - org.jfree.chart.event.ChartChangeEvent
Analyzing class - org.jfree.chart.event.ChartChangeEventType
Analyzing class - org.jfree.chart.event.MarkerChangeEvent
Analyzing class - org.jfree.chart.event.PlotChangeEvent
Analyzing class - org.jfree.chart.plot.CategoryMarker
Analyzing class - org.jfree.chart.plot.CategoryPlot
Analyzing class - org.jfree.chart.plot.DatasetRenderingOrder
Analyzing class - org.jfree.chart.plot.DefaultDrawingSupplier
Analyzing class - org.jfree.chart.plot.Marker
Analyzing class - org.jfree.chart.plot.Plot
Analyzing class - org.jfree.chart.plot.PlotOrientation
Analyzing class - org.jfree.chart.plot.SeriesRenderingOrder
Analyzing class - org.jfree.chart.plot.ValueMarker
Analyzing class - org.jfree.chart.plot.XYPlot
Analyzing class - org.jfree.chart.plot.junit.CategoryPlotTests
Analyzing class - org.jfree.chart.plot.junit.XYPlotTests
Analyzing class - org.jfree.chart.text.TextAnchor
Analyzing class - org.jfree.chart.util.AbstractObjectList
Analyzing class - org.jfree.chart.util.Layer
Analyzing class - org.jfree.chart.util.LengthAdjustmentType
Analyzing class - org.jfree.chart.util.ObjectList
Analyzing class - org.jfree.chart.util.RectangleAnchor
Analyzing class - org.jfree.chart.util.RectangleInsets
Analyzing class - org.jfree.chart.util.SortOrder
Analyzing class - org.jfree.chart.util.UnitType
Compilation successful!
FL Facts are exported to /home/mario/Desktop/LogicFL/defects4j/Chart-14/result/logic-fl.pl
Code Facts are exported to /home/mario/Desktop/LogicFL/defects4j/Chart-14/result/code-facts.pl
Line matching information exported to /home/mario/Desktop/LogicFL/defects4j/Chart-14/result/line.info.json
Exec. Time - 00:00:09.803
static_analyzer.sh executed successfully.
Getting configurations from config.properties
Load configurations from config.properties
Executing command - /usr/bin/java -Xms256m -Xmx1024m -classpath /home/mario/Desktop/LogicFL/defects4j/Chart-14/result/classes:../../lib/*:lib/Chart-14_buggy_src.jar:lib/Chart-14_fixed_test.jar logicfl.coverage.JUnit4TestRunner config.properties true /home/mario/Desktop/LogicFL/defects4j/Chart-14/result/probe.npe.traces.json /home/mario/Desktop/LogicFL/defects4j/Chart-14/tests.json
Load configurations from config.properties
Loading test information from /home/mario/Desktop/LogicFL/defects4j/Chart-14/tests.json
Test execution summary:
Tests executed - 4
Tests succeeded - 0
Tests failed - 4
testRemoveRangeMarker(org.jfree.chart.plot.junit.XYPlotTests): Cannot invoke "java.util.ArrayList.remove(Object)" because "v_markers_745_line_2529" is null
Cannot invoke "java.util.ArrayList.remove(Object)" because "v_markers_745_line_2529" is null
java.lang.NullPointerException: Cannot invoke "java.util.ArrayList.remove(Object)" because "v_markers_745_line_2529" is null
	at org.jfree.chart.plot.XYPlot.removeRangeMarker(XYPlot.java:2738)
	at org.jfree.chart.plot.XYPlot.removeRangeMarker(XYPlot.java:2689)
	at org.jfree.chart.plot.XYPlot.removeRangeMarker(XYPlot.java:2666)
	at org.jfree.chart.plot.XYPlot.removeRangeMarker(XYPlot.java:2645)
	at org.jfree.chart.plot.junit.XYPlotTests.testRemoveRangeMarker(XYPlotTests.java:1043)
	at java.base/jdk.internal.reflect.NativeMethodAccessorImpl.invoke0(Native Method)
	at java.base/jdk.internal.reflect.NativeMethodAccessorImpl.invoke(NativeMethodAccessorImpl.java:77)
	at java.base/jdk.internal.reflect.DelegatingMethodAccessorImpl.invoke(DelegatingMethodAccessorImpl.java:43)
	at java.base/java.lang.reflect.Method.invoke(Method.java:569)
	at junit.framework.TestCase.runTest(TestCase.java:177)
	at junit.framework.TestCase.runBare(TestCase.java:142)
	at junit.framework.TestResult$1.protect(TestResult.java:122)
	at junit.framework.TestResult.runProtected(TestResult.java:142)
	at junit.framework.TestResult.run(TestResult.java:125)
	at junit.framework.TestCase.run(TestCase.java:130)
	at junit.framework.TestSuite.runTest(TestSuite.java:241)
	at junit.framework.TestSuite.run(TestSuite.java:236)
	at org.junit.internal.runners.JUnit38ClassRunner.run(JUnit38ClassRunner.java:90)
	at org.junit.runner.JUnitCore.run(JUnitCore.java:137)
	at logicfl.coverage.JUnit4TestRunner.main(JUnit4TestRunner.java:36)

testRemoveDomainMarker(org.jfree.chart.plot.junit.XYPlotTests): Cannot invoke "java.util.ArrayList.remove(Object)" because "v_markers_722_line_2293" is null
Cannot invoke "java.util.ArrayList.remove(Object)" because "v_markers_722_line_2293" is null
java.lang.NullPointerException: Cannot invoke "java.util.ArrayList.remove(Object)" because "v_markers_722_line_2293" is null
	at org.jfree.chart.plot.XYPlot.removeDomainMarker(XYPlot.java:2468)
	at org.jfree.chart.plot.XYPlot.removeDomainMarker(XYPlot.java:2426)
	at org.jfree.chart.plot.XYPlot.removeDomainMarker(XYPlot.java:2403)
	at org.jfree.chart.plot.XYPlot.removeDomainMarker(XYPlot.java:2382)
	at org.jfree.chart.plot.junit.XYPlotTests.testRemoveDomainMarker(XYPlotTests.java:1030)
	at java.base/jdk.internal.reflect.NativeMethodAccessorImpl.invoke0(Native Method)
	at java.base/jdk.internal.reflect.NativeMethodAccessorImpl.invoke(NativeMethodAccessorImpl.java:77)
	at java.base/jdk.internal.reflect.DelegatingMethodAccessorImpl.invoke(DelegatingMethodAccessorImpl.java:43)
	at java.base/java.lang.reflect.Method.invoke(Method.java:569)
	at junit.framework.TestCase.runTest(TestCase.java:177)
	at junit.framework.TestCase.runBare(TestCase.java:142)
	at junit.framework.TestResult$1.protect(TestResult.java:122)
	at junit.framework.TestResult.runProtected(TestResult.java:142)
	at junit.framework.TestResult.run(TestResult.java:125)
	at junit.framework.TestCase.run(TestCase.java:130)
	at junit.framework.TestSuite.runTest(TestSuite.java:241)
	at junit.framework.TestSuite.run(TestSuite.java:236)
	at org.junit.internal.runners.JUnit38ClassRunner.run(JUnit38ClassRunner.java:90)
	at org.junit.runner.JUnitCore.run(JUnitCore.java:137)
	at logicfl.coverage.JUnit4TestRunner.main(JUnit4TestRunner.java:36)

testRemoveRangeMarker(org.jfree.chart.plot.junit.CategoryPlotTests): Cannot invoke "java.util.ArrayList.remove(Object)" because "v_markers_265_line_2448" is null
Cannot invoke "java.util.ArrayList.remove(Object)" because "v_markers_265_line_2448" is null
java.lang.NullPointerException: Cannot invoke "java.util.ArrayList.remove(Object)" because "v_markers_265_line_2448" is null
	at org.jfree.chart.plot.CategoryPlot.removeRangeMarker(CategoryPlot.java:2821)
	at org.jfree.chart.plot.CategoryPlot.removeRangeMarker(CategoryPlot.java:2770)
	at org.jfree.chart.plot.CategoryPlot.removeRangeMarker(CategoryPlot.java:2745)
	at org.jfree.chart.plot.CategoryPlot.removeRangeMarker(CategoryPlot.java:2721)
	at org.jfree.chart.plot.junit.CategoryPlotTests.testRemoveRangeMarker(CategoryPlotTests.java:787)
	at java.base/jdk.internal.reflect.NativeMethodAccessorImpl.invoke0(Native Method)
	at java.base/jdk.internal.reflect.NativeMethodAccessorImpl.invoke(NativeMethodAccessorImpl.java:77)
	at java.base/jdk.internal.reflect.DelegatingMethodAccessorImpl.invoke(DelegatingMethodAccessorImpl.java:43)
	at java.base/java.lang.reflect.Method.invoke(Method.java:569)
	at junit.framework.TestCase.runTest(TestCase.java:177)
	at junit.framework.TestCase.runBare(TestCase.java:142)
	at junit.framework.TestResult$1.protect(TestResult.java:122)
	at junit.framework.TestResult.runProtected(TestResult.java:142)
	at junit.framework.TestResult.run(TestResult.java:125)
	at junit.framework.TestCase.run(TestCase.java:130)
	at junit.framework.TestSuite.runTest(TestSuite.java:241)
	at junit.framework.TestSuite.run(TestSuite.java:236)
	at org.junit.internal.runners.JUnit38ClassRunner.run(JUnit38ClassRunner.java:90)
	at org.junit.runner.JUnitCore.run(JUnitCore.java:137)
	at logicfl.coverage.JUnit4TestRunner.main(JUnit4TestRunner.java:36)

testRemoveDomainMarker(org.jfree.chart.plot.junit.CategoryPlotTests): Cannot invoke "java.util.ArrayList.remove(Object)" because "v_markers_238_line_2166" is null
Cannot invoke "java.util.ArrayList.remove(Object)" because "v_markers_238_line_2166" is null
java.lang.NullPointerException: Cannot invoke "java.util.ArrayList.remove(Object)" because "v_markers_238_line_2166" is null
	at org.jfree.chart.plot.CategoryPlot.removeDomainMarker(CategoryPlot.java:2460)
	at org.jfree.chart.plot.CategoryPlot.removeDomainMarker(CategoryPlot.java:2418)
	at org.jfree.chart.plot.CategoryPlot.removeDomainMarker(CategoryPlot.java:2394)
	at org.jfree.chart.plot.CategoryPlot.removeDomainMarker(CategoryPlot.java:2372)
	at org.jfree.chart.plot.junit.CategoryPlotTests.testRemoveDomainMarker(CategoryPlotTests.java:774)
	at java.base/jdk.internal.reflect.NativeMethodAccessorImpl.invoke0(Native Method)
	at java.base/jdk.internal.reflect.NativeMethodAccessorImpl.invoke(NativeMethodAccessorImpl.java:77)
	at java.base/jdk.internal.reflect.DelegatingMethodAccessorImpl.invoke(DelegatingMethodAccessorImpl.java:43)
	at java.base/java.lang.reflect.Method.invoke(Method.java:569)
	at junit.framework.TestCase.runTest(TestCase.java:177)
	at junit.framework.TestCase.runBare(TestCase.java:142)
	at junit.framework.TestResult$1.protect(TestResult.java:122)
	at junit.framework.TestResult.runProtected(TestResult.java:142)
	at junit.framework.TestResult.run(TestResult.java:125)
	at junit.framework.TestCase.run(TestCase.java:130)
	at junit.framework.TestSuite.runTest(TestSuite.java:241)
	at junit.framework.TestSuite.run(TestSuite.java:236)
	at org.junit.internal.runners.JUnit38ClassRunner.run(JUnit38ClassRunner.java:90)
	at org.junit.runner.JUnitCore.run(JUnitCore.java:137)
	at logicfl.coverage.JUnit4TestRunner.main(JUnit4TestRunner.java:36)

Store NPE traces to /home/mario/Desktop/LogicFL/defects4j/Chart-14/result/probe.npe.traces.json
NPE Stack Traces exported to /home/mario/Desktop/LogicFL/defects4j/Chart-14/result/probe.npe.traces.json


val(v_markers_238, null, line(category_plot_1, 2166)).
val(v_markers_265, null, line(category_plot_1, 2448)).
val(v_markers_722, null, line(xyplot_1, 2293)).
val(v_markers_745, null, line(xyplot_1, 2529)).


Exec. Time - 00:00:01.327
dynamic_analyzer.sh executed successfully.
Getting configurations from config.properties
Running Fault Localizer with
Rules: ../../lib/npe-rules.pl
Facts: /home/mario/Desktop/LogicFL/defects4j/Chart-14/result/logic-fl.pl
Code Facts: /home/mario/Desktop/LogicFL/defects4j/Chart-14/result/code-facts.pl
consult Succeeded
NPE at line(xyplot_1, 2529) / Null Expression v_markers_745[markers]
	can be caused by 
v_markers_745[markers] at line(xyplot_1, 2529).

NPE at line(xyplot_1, 2293) / Null Expression v_markers_722[markers]
	can be caused by 
v_markers_722[markers] at line(xyplot_1, 2293).

NPE at line(category_plot_1, 2448) / Null Expression v_markers_265[markers]
	can be caused by 
v_markers_265[markers] at line(category_plot_1, 2448).

NPE at line(category_plot_1, 2166) / Null Expression v_markers_238[markers]
	can be caused by 
v_markers_238[markers] at line(category_plot_1, 2166).

Total 4 Identified Fault Locations for NPE.
Exec. Time - 00:00:00.279
localizer.sh executed successfully.
All scripts executed successfully.
Test results (Chart-14):
  Passed test classes: 4
  Failed test classes: 3
  Failed tests: 4
  Failed test list:
    - org.jfree.chart.plot.junit.CategoryPlotTests::testRemoveRangeMarker
    - org.jfree.chart.plot.junit.CategoryPlotTests::testRemoveDomainMarker
    - org.jfree.chart.plot.junit.XYPlotTests::testRemoveRangeMarker
    - org.jfree.chart.plot.junit.XYPlotTests::testRemoveDomainMarker
Completed: Chart-14
========================================

========================================
Running LogicFL for: Chart-16
Load configurations from config.properties
Load configurations from config.properties
Collecting coverage from failed tests...
Running Tests...
Executing command - /usr/bin/java -Xms256m -Xmx1024m -classpath ../../lib/*:lib/Chart-16_buggy_src.jar:lib/Chart-16_fixed_test.jar -javaagent:../../lib/jacocoagent.jar=excludes=org.junit.*,append=false,destfile=/home/mario/Desktop/LogicFL/defects4j/Chart-16/result/jacoco.exec logicfl.coverage.JUnit4TestRunner config.properties true /home/mario/Desktop/LogicFL/defects4j/Chart-16/result/npe.traces.json /home/mario/Desktop/LogicFL/defects4j/Chart-16/tests.json
Load configurations from config.properties
Loading test information from /home/mario/Desktop/LogicFL/defects4j/Chart-16/tests.json
Test execution summary:
Tests executed - 7
Tests succeeded - 0
Tests failed - 7
testGetCategoryIndex(org.jfree.data.category.junit.DefaultIntervalCategoryDatasetTests): Cannot read the array length because "this.categoryKeys" is null
Cannot read the array length because "this.categoryKeys" is null
java.lang.NullPointerException: Cannot read the array length because "this.categoryKeys" is null
	at org.jfree.data.category.DefaultIntervalCategoryDataset.getCategoryIndex(DefaultIntervalCategoryDataset.java:574)
	at org.jfree.data.category.junit.DefaultIntervalCategoryDatasetTests.testGetCategoryIndex(DefaultIntervalCategoryDatasetTests.java:415)
	at java.base/jdk.internal.reflect.NativeMethodAccessorImpl.invoke0(Native Method)
	at java.base/jdk.internal.reflect.NativeMethodAccessorImpl.invoke(NativeMethodAccessorImpl.java:77)
	at java.base/jdk.internal.reflect.DelegatingMethodAccessorImpl.invoke(DelegatingMethodAccessorImpl.java:43)
	at java.base/java.lang.reflect.Method.invoke(Method.java:569)
	at junit.framework.TestCase.runTest(TestCase.java:177)
	at junit.framework.TestCase.runBare(TestCase.java:142)
	at junit.framework.TestResult$1.protect(TestResult.java:122)
	at junit.framework.TestResult.runProtected(TestResult.java:142)
	at junit.framework.TestResult.run(TestResult.java:125)
	at junit.framework.TestCase.run(TestCase.java:130)
	at junit.framework.TestSuite.runTest(TestSuite.java:241)
	at junit.framework.TestSuite.run(TestSuite.java:236)
	at org.junit.internal.runners.JUnit38ClassRunner.run(JUnit38ClassRunner.java:90)
	at org.junit.runner.JUnitCore.run(JUnitCore.java:137)
	at logicfl.coverage.JUnit4TestRunner.main(JUnit4TestRunner.java:36)

testGetSeriesIndex(org.jfree.data.category.junit.DefaultIntervalCategoryDatasetTests): Cannot read the array length because "this.seriesKeys" is null
Cannot read the array length because "this.seriesKeys" is null
java.lang.NullPointerException: Cannot read the array length because "this.seriesKeys" is null
	at org.jfree.data.category.DefaultIntervalCategoryDataset.getSeriesIndex(DefaultIntervalCategoryDataset.java:242)
	at org.jfree.data.category.junit.DefaultIntervalCategoryDatasetTests.testGetSeriesIndex(DefaultIntervalCategoryDatasetTests.java:375)
	at java.base/jdk.internal.reflect.NativeMethodAccessorImpl.invoke0(Native Method)
	at java.base/jdk.internal.reflect.NativeMethodAccessorImpl.invoke(NativeMethodAccessorImpl.java:77)
	at java.base/jdk.internal.reflect.DelegatingMethodAccessorImpl.invoke(DelegatingMethodAccessorImpl.java:43)
	at java.base/java.lang.reflect.Method.invoke(Method.java:569)
	at junit.framework.TestCase.runTest(TestCase.java:177)
	at junit.framework.TestCase.runBare(TestCase.java:142)
	at junit.framework.TestResult$1.protect(TestResult.java:122)
	at junit.framework.TestResult.runProtected(TestResult.java:142)
	at junit.framework.TestResult.run(TestResult.java:125)
	at junit.framework.TestCase.run(TestCase.java:130)
	at junit.framework.TestSuite.runTest(TestSuite.java:241)
	at junit.framework.TestSuite.run(TestSuite.java:236)
	at org.junit.internal.runners.JUnit38ClassRunner.run(JUnit38ClassRunner.java:90)
	at org.junit.runner.JUnitCore.run(JUnitCore.java:137)
	at logicfl.coverage.JUnit4TestRunner.main(JUnit4TestRunner.java:36)

testGetRowCount(org.jfree.data.category.junit.DefaultIntervalCategoryDatasetTests): Cannot read the array length because "this.categoryKeys" is null
Cannot read the array length because "this.categoryKeys" is null
java.lang.NullPointerException: Cannot read the array length because "this.categoryKeys" is null
	at org.jfree.data.category.DefaultIntervalCategoryDataset.getColumnCount(DefaultIntervalCategoryDataset.java:690)
	at org.jfree.data.category.junit.DefaultIntervalCategoryDatasetTests.testGetRowCount(DefaultIntervalCategoryDatasetTests.java:490)
	at java.base/jdk.internal.reflect.NativeMethodAccessorImpl.invoke0(Native Method)
	at java.base/jdk.internal.reflect.NativeMethodAccessorImpl.invoke(NativeMethodAccessorImpl.java:77)
	at java.base/jdk.internal.reflect.DelegatingMethodAccessorImpl.invoke(DelegatingMethodAccessorImpl.java:43)
	at java.base/java.lang.reflect.Method.invoke(Method.java:569)
	at junit.framework.TestCase.runTest(TestCase.java:177)
	at junit.framework.TestCase.runBare(TestCase.java:142)
	at junit.framework.TestResult$1.protect(TestResult.java:122)
	at junit.framework.TestResult.runProtected(TestResult.java:142)
	at junit.framework.TestResult.run(TestResult.java:125)
	at junit.framework.TestCase.run(TestCase.java:130)
	at junit.framework.TestSuite.runTest(TestSuite.java:241)
	at junit.framework.TestSuite.run(TestSuite.java:236)
	at org.junit.internal.runners.JUnit38ClassRunner.run(JUnit38ClassRunner.java:90)
	at org.junit.runner.JUnitCore.run(JUnitCore.java:137)
	at logicfl.coverage.JUnit4TestRunner.main(JUnit4TestRunner.java:36)

testGetRowIndex(org.jfree.data.category.junit.DefaultIntervalCategoryDatasetTests): Cannot read the array length because "this.seriesKeys" is null
Cannot read the array length because "this.seriesKeys" is null
java.lang.NullPointerException: Cannot read the array length because "this.seriesKeys" is null
	at org.jfree.data.category.DefaultIntervalCategoryDataset.getSeriesIndex(DefaultIntervalCategoryDataset.java:242)
	at org.jfree.data.category.DefaultIntervalCategoryDataset.getRowIndex(DefaultIntervalCategoryDataset.java:641)
	at org.jfree.data.category.junit.DefaultIntervalCategoryDatasetTests.testGetRowIndex(DefaultIntervalCategoryDatasetTests.java:386)
	at java.base/jdk.internal.reflect.NativeMethodAccessorImpl.invoke0(Native Method)
	at java.base/jdk.internal.reflect.NativeMethodAccessorImpl.invoke(NativeMethodAccessorImpl.java:77)
	at java.base/jdk.internal.reflect.DelegatingMethodAccessorImpl.invoke(DelegatingMethodAccessorImpl.java:43)
	at java.base/java.lang.reflect.Method.invoke(Method.java:569)
	at junit.framework.TestCase.runTest(TestCase.java:177)
	at junit.framework.TestCase.runBare(TestCase.java:142)
	at junit.framework.TestResult$1.protect(TestResult.java:122)
	at junit.framework.TestResult.runProtected(TestResult.java:142)
	at junit.framework.TestResult.run(TestResult.java:125)
	at junit.framework.TestCase.run(TestCase.java:130)
	at junit.framework.TestSuite.runTest(TestSuite.java:241)
	at junit.framework.TestSuite.run(TestSuite.java:236)
	at org.junit.internal.runners.JUnit38ClassRunner.run(JUnit38ClassRunner.java:90)
	at org.junit.runner.JUnitCore.run(JUnitCore.java:137)
	at logicfl.coverage.JUnit4TestRunner.main(JUnit4TestRunner.java:36)

testGetColumnCount(org.jfree.data.category.junit.DefaultIntervalCategoryDatasetTests): Cannot read the array length because "this.categoryKeys" is null
Cannot read the array length because "this.categoryKeys" is null
java.lang.NullPointerException: Cannot read the array length because "this.categoryKeys" is null
	at org.jfree.data.category.DefaultIntervalCategoryDataset.getColumnCount(DefaultIntervalCategoryDataset.java:690)
	at org.jfree.data.category.junit.DefaultIntervalCategoryDatasetTests.testGetColumnCount(DefaultIntervalCategoryDatasetTests.java:479)
	at java.base/jdk.internal.reflect.NativeMethodAccessorImpl.invoke0(Native Method)
	at java.base/jdk.internal.reflect.NativeMethodAccessorImpl.invoke(NativeMethodAccessorImpl.java:77)
	at java.base/jdk.internal.reflect.DelegatingMethodAccessorImpl.invoke(DelegatingMethodAccessorImpl.java:43)
	at java.base/java.lang.reflect.Method.invoke(Method.java:569)
	at junit.framework.TestCase.runTest(TestCase.java:177)
	at junit.framework.TestCase.runBare(TestCase.java:142)
	at junit.framework.TestResult$1.protect(TestResult.java:122)
	at junit.framework.TestResult.runProtected(TestResult.java:142)
	at junit.framework.TestResult.run(TestResult.java:125)
	at junit.framework.TestCase.run(TestCase.java:130)
	at junit.framework.TestSuite.runTest(TestSuite.java:241)
	at junit.framework.TestSuite.run(TestSuite.java:236)
	at org.junit.internal.runners.JUnit38ClassRunner.run(JUnit38ClassRunner.java:90)
	at org.junit.runner.JUnitCore.run(JUnitCore.java:137)
	at logicfl.coverage.JUnit4TestRunner.main(JUnit4TestRunner.java:36)

testGetColumnIndex(org.jfree.data.category.junit.DefaultIntervalCategoryDatasetTests): Cannot read the array length because "this.categoryKeys" is null
Cannot read the array length because "this.categoryKeys" is null
java.lang.NullPointerException: Cannot read the array length because "this.categoryKeys" is null
	at org.jfree.data.category.DefaultIntervalCategoryDataset.getCategoryIndex(DefaultIntervalCategoryDataset.java:574)
	at org.jfree.data.category.DefaultIntervalCategoryDataset.getColumnIndex(DefaultIntervalCategoryDataset.java:628)
	at org.jfree.data.category.junit.DefaultIntervalCategoryDatasetTests.testGetColumnIndex(DefaultIntervalCategoryDatasetTests.java:426)
	at java.base/jdk.internal.reflect.NativeMethodAccessorImpl.invoke0(Native Method)
	at java.base/jdk.internal.reflect.NativeMethodAccessorImpl.invoke(NativeMethodAccessorImpl.java:77)
	at java.base/jdk.internal.reflect.DelegatingMethodAccessorImpl.invoke(DelegatingMethodAccessorImpl.java:43)
	at java.base/java.lang.reflect.Method.invoke(Method.java:569)
	at junit.framework.TestCase.runTest(TestCase.java:177)
	at junit.framework.TestCase.runBare(TestCase.java:142)
	at junit.framework.TestResult$1.protect(TestResult.java:122)
	at junit.framework.TestResult.runProtected(TestResult.java:142)
	at junit.framework.TestResult.run(TestResult.java:125)
	at junit.framework.TestCase.run(TestCase.java:130)
	at junit.framework.TestSuite.runTest(TestSuite.java:241)
	at junit.framework.TestSuite.run(TestSuite.java:236)
	at org.junit.internal.runners.JUnit38ClassRunner.run(JUnit38ClassRunner.java:90)
	at org.junit.runner.JUnitCore.run(JUnitCore.java:137)
	at logicfl.coverage.JUnit4TestRunner.main(JUnit4TestRunner.java:36)

testCloning2(org.jfree.data.category.junit.DefaultIntervalCategoryDatasetTests): Cannot invoke "Object.clone()" because "this.categoryKeys" is null
Cannot invoke "Object.clone()" because "this.categoryKeys" is null
java.lang.NullPointerException: Cannot invoke "Object.clone()" because "this.categoryKeys" is null
	at org.jfree.data.category.DefaultIntervalCategoryDataset.clone(DefaultIntervalCategoryDataset.java:748)
	at org.jfree.data.category.junit.DefaultIntervalCategoryDatasetTests.testCloning2(DefaultIntervalCategoryDatasetTests.java:265)
	at java.base/jdk.internal.reflect.NativeMethodAccessorImpl.invoke0(Native Method)
	at java.base/jdk.internal.reflect.NativeMethodAccessorImpl.invoke(NativeMethodAccessorImpl.java:77)
	at java.base/jdk.internal.reflect.DelegatingMethodAccessorImpl.invoke(DelegatingMethodAccessorImpl.java:43)
	at java.base/java.lang.reflect.Method.invoke(Method.java:569)
	at junit.framework.TestCase.runTest(TestCase.java:177)
	at junit.framework.TestCase.runBare(TestCase.java:142)
	at junit.framework.TestResult$1.protect(TestResult.java:122)
	at junit.framework.TestResult.runProtected(TestResult.java:142)
	at junit.framework.TestResult.run(TestResult.java:125)
	at junit.framework.TestCase.run(TestCase.java:130)
	at junit.framework.TestSuite.runTest(TestSuite.java:241)
	at junit.framework.TestSuite.run(TestSuite.java:236)
	at org.junit.internal.runners.JUnit38ClassRunner.run(JUnit38ClassRunner.java:90)
	at org.junit.runner.JUnitCore.run(JUnitCore.java:137)
	at logicfl.coverage.JUnit4TestRunner.main(JUnit4TestRunner.java:36)

Store NPE traces to /home/mario/Desktop/LogicFL/defects4j/Chart-16/result/npe.traces.json
NPE Stack Traces exported to /home/mario/Desktop/LogicFL/defects4j/Chart-16/result/npe.traces.json

Analyzing Coverage Data...
Covered Classes:[org.jfree.data.general.AbstractDataset, org.jfree.data.general.DatasetGroup, org.jfree.data.DataUtilities, org.jfree.data.general.AbstractSeriesDataset, org.jfree.data.category.junit.DefaultIntervalCategoryDatasetTests, org.jfree.data.resources.DataPackageResources, org.jfree.data.category.DefaultIntervalCategoryDataset]
Coverage information exported to /home/mario/Desktop/LogicFL/defects4j/Chart-16/coverage.json
Collecting coverage complete.
Exec. Time - 00:00:00.702
coverage.sh executed successfully.
Getting configurations from config.properties
Total 7 Target classes.
Analyzing class - org.jfree.data.DataUtilities
Analyzing class - org.jfree.data.category.DefaultIntervalCategoryDataset
Analyzing class - org.jfree.data.category.junit.DefaultIntervalCategoryDatasetTests
Analyzing class - org.jfree.data.general.AbstractDataset
Analyzing class - org.jfree.data.general.AbstractSeriesDataset
Analyzing class - org.jfree.data.general.DatasetGroup
Analyzing class - org.jfree.data.resources.DataPackageResources
Compilation successful!
FL Facts are exported to /home/mario/Desktop/LogicFL/defects4j/Chart-16/result/logic-fl.pl
Code Facts are exported to /home/mario/Desktop/LogicFL/defects4j/Chart-16/result/code-facts.pl
Line matching information exported to /home/mario/Desktop/LogicFL/defects4j/Chart-16/result/line.info.json
Exec. Time - 00:00:03.501
static_analyzer.sh executed successfully.
Getting configurations from config.properties
Load configurations from config.properties
Executing command - /usr/bin/java -Xms256m -Xmx1024m -classpath /home/mario/Desktop/LogicFL/defects4j/Chart-16/result/classes:../../lib/*:lib/Chart-16_buggy_src.jar:lib/Chart-16_fixed_test.jar logicfl.coverage.JUnit4TestRunner config.properties true /home/mario/Desktop/LogicFL/defects4j/Chart-16/result/probe.npe.traces.json /home/mario/Desktop/LogicFL/defects4j/Chart-16/tests.json
Load configurations from config.properties
Loading test information from /home/mario/Desktop/LogicFL/defects4j/Chart-16/tests.json
Test execution summary:
Tests executed - 7
Tests succeeded - 0
Tests failed - 7
testGetCategoryIndex(org.jfree.data.category.junit.DefaultIntervalCategoryDatasetTests): Cannot read the array length because "f_category_keys_28_line_574" is null
Cannot read the array length because "f_category_keys_28_line_574" is null
java.lang.NullPointerException: Cannot read the array length because "f_category_keys_28_line_574" is null
	at org.jfree.data.category.DefaultIntervalCategoryDataset.getCategoryIndex(DefaultIntervalCategoryDataset.java:629)
	at org.jfree.data.category.junit.DefaultIntervalCategoryDatasetTests.testGetCategoryIndex(DefaultIntervalCategoryDatasetTests.java:432)
	at java.base/jdk.internal.reflect.NativeMethodAccessorImpl.invoke0(Native Method)
	at java.base/jdk.internal.reflect.NativeMethodAccessorImpl.invoke(NativeMethodAccessorImpl.java:77)
	at java.base/jdk.internal.reflect.DelegatingMethodAccessorImpl.invoke(DelegatingMethodAccessorImpl.java:43)
	at java.base/java.lang.reflect.Method.invoke(Method.java:569)
	at junit.framework.TestCase.runTest(TestCase.java:177)
	at junit.framework.TestCase.runBare(TestCase.java:142)
	at junit.framework.TestResult$1.protect(TestResult.java:122)
	at junit.framework.TestResult.runProtected(TestResult.java:142)
	at junit.framework.TestResult.run(TestResult.java:125)
	at junit.framework.TestCase.run(TestCase.java:130)
	at junit.framework.TestSuite.runTest(TestSuite.java:241)
	at junit.framework.TestSuite.run(TestSuite.java:236)
	at org.junit.internal.runners.JUnit38ClassRunner.run(JUnit38ClassRunner.java:90)
	at org.junit.runner.JUnitCore.run(JUnitCore.java:137)
	at logicfl.coverage.JUnit4TestRunner.main(JUnit4TestRunner.java:36)

testGetSeriesIndex(org.jfree.data.category.junit.DefaultIntervalCategoryDatasetTests): Cannot read the array length because "f_series_keys_27_line_242" is null
Cannot read the array length because "f_series_keys_27_line_242" is null
java.lang.NullPointerException: Cannot read the array length because "f_series_keys_27_line_242" is null
	at org.jfree.data.category.DefaultIntervalCategoryDataset.getSeriesIndex(DefaultIntervalCategoryDataset.java:285)
	at org.jfree.data.category.junit.DefaultIntervalCategoryDatasetTests.testGetSeriesIndex(DefaultIntervalCategoryDatasetTests.java:382)
	at java.base/jdk.internal.reflect.NativeMethodAccessorImpl.invoke0(Native Method)
	at java.base/jdk.internal.reflect.NativeMethodAccessorImpl.invoke(NativeMethodAccessorImpl.java:77)
	at java.base/jdk.internal.reflect.DelegatingMethodAccessorImpl.invoke(DelegatingMethodAccessorImpl.java:43)
	at java.base/java.lang.reflect.Method.invoke(Method.java:569)
	at junit.framework.TestCase.runTest(TestCase.java:177)
	at junit.framework.TestCase.runBare(TestCase.java:142)
	at junit.framework.TestResult$1.protect(TestResult.java:122)
	at junit.framework.TestResult.runProtected(TestResult.java:142)
	at junit.framework.TestResult.run(TestResult.java:125)
	at junit.framework.TestCase.run(TestCase.java:130)
	at junit.framework.TestSuite.runTest(TestSuite.java:241)
	at junit.framework.TestSuite.run(TestSuite.java:236)
	at org.junit.internal.runners.JUnit38ClassRunner.run(JUnit38ClassRunner.java:90)
	at org.junit.runner.JUnitCore.run(JUnitCore.java:137)
	at logicfl.coverage.JUnit4TestRunner.main(JUnit4TestRunner.java:36)

testGetRowCount(org.jfree.data.category.junit.DefaultIntervalCategoryDatasetTests): Cannot read the array length because "f_category_keys_28_line_690" is null
Cannot read the array length because "f_category_keys_28_line_690" is null
java.lang.NullPointerException: Cannot read the array length because "f_category_keys_28_line_690" is null
	at org.jfree.data.category.DefaultIntervalCategoryDataset.getColumnCount(DefaultIntervalCategoryDataset.java:760)
	at org.jfree.data.category.junit.DefaultIntervalCategoryDatasetTests.testGetRowCount(DefaultIntervalCategoryDatasetTests.java:520)
	at java.base/jdk.internal.reflect.NativeMethodAccessorImpl.invoke0(Native Method)
	at java.base/jdk.internal.reflect.NativeMethodAccessorImpl.invoke(NativeMethodAccessorImpl.java:77)
	at java.base/jdk.internal.reflect.DelegatingMethodAccessorImpl.invoke(DelegatingMethodAccessorImpl.java:43)
	at java.base/java.lang.reflect.Method.invoke(Method.java:569)
	at junit.framework.TestCase.runTest(TestCase.java:177)
	at junit.framework.TestCase.runBare(TestCase.java:142)
	at junit.framework.TestResult$1.protect(TestResult.java:122)
	at junit.framework.TestResult.runProtected(TestResult.java:142)
	at junit.framework.TestResult.run(TestResult.java:125)
	at junit.framework.TestCase.run(TestCase.java:130)
	at junit.framework.TestSuite.runTest(TestSuite.java:241)
	at junit.framework.TestSuite.run(TestSuite.java:236)
	at org.junit.internal.runners.JUnit38ClassRunner.run(JUnit38ClassRunner.java:90)
	at org.junit.runner.JUnitCore.run(JUnitCore.java:137)
	at logicfl.coverage.JUnit4TestRunner.main(JUnit4TestRunner.java:36)

testGetRowIndex(org.jfree.data.category.junit.DefaultIntervalCategoryDatasetTests): Cannot read the array length because "f_series_keys_27_line_242" is null
Cannot read the array length because "f_series_keys_27_line_242" is null
java.lang.NullPointerException: Cannot read the array length because "f_series_keys_27_line_242" is null
	at org.jfree.data.category.DefaultIntervalCategoryDataset.getSeriesIndex(DefaultIntervalCategoryDataset.java:285)
	at org.jfree.data.category.DefaultIntervalCategoryDataset.getRowIndex(DefaultIntervalCategoryDataset.java:707)
	at org.jfree.data.category.junit.DefaultIntervalCategoryDatasetTests.testGetRowIndex(DefaultIntervalCategoryDatasetTests.java:398)
	at java.base/jdk.internal.reflect.NativeMethodAccessorImpl.invoke0(Native Method)
	at java.base/jdk.internal.reflect.NativeMethodAccessorImpl.invoke(NativeMethodAccessorImpl.java:77)
	at java.base/jdk.internal.reflect.DelegatingMethodAccessorImpl.invoke(DelegatingMethodAccessorImpl.java:43)
	at java.base/java.lang.reflect.Method.invoke(Method.java:569)
	at junit.framework.TestCase.runTest(TestCase.java:177)
	at junit.framework.TestCase.runBare(TestCase.java:142)
	at junit.framework.TestResult$1.protect(TestResult.java:122)
	at junit.framework.TestResult.runProtected(TestResult.java:142)
	at junit.framework.TestResult.run(TestResult.java:125)
	at junit.framework.TestCase.run(TestCase.java:130)
	at junit.framework.TestSuite.runTest(TestSuite.java:241)
	at junit.framework.TestSuite.run(TestSuite.java:236)
	at org.junit.internal.runners.JUnit38ClassRunner.run(JUnit38ClassRunner.java:90)
	at org.junit.runner.JUnitCore.run(JUnitCore.java:137)
	at logicfl.coverage.JUnit4TestRunner.main(JUnit4TestRunner.java:36)

testGetColumnCount(org.jfree.data.category.junit.DefaultIntervalCategoryDatasetTests): Cannot read the array length because "f_category_keys_28_line_690" is null
Cannot read the array length because "f_category_keys_28_line_690" is null
java.lang.NullPointerException: Cannot read the array length because "f_category_keys_28_line_690" is null
	at org.jfree.data.category.DefaultIntervalCategoryDataset.getColumnCount(DefaultIntervalCategoryDataset.java:760)
	at org.jfree.data.category.junit.DefaultIntervalCategoryDatasetTests.testGetColumnCount(DefaultIntervalCategoryDatasetTests.java:505)
	at java.base/jdk.internal.reflect.NativeMethodAccessorImpl.invoke0(Native Method)
	at java.base/jdk.internal.reflect.NativeMethodAccessorImpl.invoke(NativeMethodAccessorImpl.java:77)
	at java.base/jdk.internal.reflect.DelegatingMethodAccessorImpl.invoke(DelegatingMethodAccessorImpl.java:43)
	at java.base/java.lang.reflect.Method.invoke(Method.java:569)
	at junit.framework.TestCase.runTest(TestCase.java:177)
	at junit.framework.TestCase.runBare(TestCase.java:142)
	at junit.framework.TestResult$1.protect(TestResult.java:122)
	at junit.framework.TestResult.runProtected(TestResult.java:142)
	at junit.framework.TestResult.run(TestResult.java:125)
	at junit.framework.TestCase.run(TestCase.java:130)
	at junit.framework.TestSuite.runTest(TestSuite.java:241)
	at junit.framework.TestSuite.run(TestSuite.java:236)
	at org.junit.internal.runners.JUnit38ClassRunner.run(JUnit38ClassRunner.java:90)
	at org.junit.runner.JUnitCore.run(JUnitCore.java:137)
	at logicfl.coverage.JUnit4TestRunner.main(JUnit4TestRunner.java:36)

testGetColumnIndex(org.jfree.data.category.junit.DefaultIntervalCategoryDatasetTests): Cannot read the array length because "f_category_keys_28_line_574" is null
Cannot read the array length because "f_category_keys_28_line_574" is null
java.lang.NullPointerException: Cannot read the array length because "f_category_keys_28_line_574" is null
	at org.jfree.data.category.DefaultIntervalCategoryDataset.getCategoryIndex(DefaultIntervalCategoryDataset.java:629)
	at org.jfree.data.category.DefaultIntervalCategoryDataset.getColumnIndex(DefaultIntervalCategoryDataset.java:690)
	at org.jfree.data.category.junit.DefaultIntervalCategoryDatasetTests.testGetColumnIndex(DefaultIntervalCategoryDatasetTests.java:448)
	at java.base/jdk.internal.reflect.NativeMethodAccessorImpl.invoke0(Native Method)
	at java.base/jdk.internal.reflect.NativeMethodAccessorImpl.invoke(NativeMethodAccessorImpl.java:77)
	at java.base/jdk.internal.reflect.DelegatingMethodAccessorImpl.invoke(DelegatingMethodAccessorImpl.java:43)
	at java.base/java.lang.reflect.Method.invoke(Method.java:569)
	at junit.framework.TestCase.runTest(TestCase.java:177)
	at junit.framework.TestCase.runBare(TestCase.java:142)
	at junit.framework.TestResult$1.protect(TestResult.java:122)
	at junit.framework.TestResult.runProtected(TestResult.java:142)
	at junit.framework.TestResult.run(TestResult.java:125)
	at junit.framework.TestCase.run(TestCase.java:130)
	at junit.framework.TestSuite.runTest(TestSuite.java:241)
	at junit.framework.TestSuite.run(TestSuite.java:236)
	at org.junit.internal.runners.JUnit38ClassRunner.run(JUnit38ClassRunner.java:90)
	at org.junit.runner.JUnitCore.run(JUnitCore.java:137)
	at logicfl.coverage.JUnit4TestRunner.main(JUnit4TestRunner.java:36)

testCloning2(org.jfree.data.category.junit.DefaultIntervalCategoryDatasetTests): Cannot invoke "[Ljava.lang.Comparable;.clone()" because "f_category_keys_28_line_748" is null
Cannot invoke "[Ljava.lang.Comparable;.clone()" because "f_category_keys_28_line_748" is null
java.lang.NullPointerException: Cannot invoke "[Ljava.lang.Comparable;.clone()" because "f_category_keys_28_line_748" is null
	at org.jfree.data.category.DefaultIntervalCategoryDataset.clone(DefaultIntervalCategoryDataset.java:822)
	at org.jfree.data.category.junit.DefaultIntervalCategoryDatasetTests.testCloning2(DefaultIntervalCategoryDatasetTests.java:267)
	at java.base/jdk.internal.reflect.NativeMethodAccessorImpl.invoke0(Native Method)
	at java.base/jdk.internal.reflect.NativeMethodAccessorImpl.invoke(NativeMethodAccessorImpl.java:77)
	at java.base/jdk.internal.reflect.DelegatingMethodAccessorImpl.invoke(DelegatingMethodAccessorImpl.java:43)
	at java.base/java.lang.reflect.Method.invoke(Method.java:569)
	at junit.framework.TestCase.runTest(TestCase.java:177)
	at junit.framework.TestCase.runBare(TestCase.java:142)
	at junit.framework.TestResult$1.protect(TestResult.java:122)
	at junit.framework.TestResult.runProtected(TestResult.java:142)
	at junit.framework.TestResult.run(TestResult.java:125)
	at junit.framework.TestCase.run(TestCase.java:130)
	at junit.framework.TestSuite.runTest(TestSuite.java:241)
	at junit.framework.TestSuite.run(TestSuite.java:236)
	at org.junit.internal.runners.JUnit38ClassRunner.run(JUnit38ClassRunner.java:90)
	at org.junit.runner.JUnitCore.run(JUnitCore.java:137)
	at logicfl.coverage.JUnit4TestRunner.main(JUnit4TestRunner.java:36)

Store NPE traces to /home/mario/Desktop/LogicFL/defects4j/Chart-16/result/probe.npe.traces.json
NPE Stack Traces exported to /home/mario/Desktop/LogicFL/defects4j/Chart-16/result/probe.npe.traces.json


val(f_series_keys_27, null, line(default_interval_category_dataset_1, 242)).
val(f_category_keys_28, null, line(default_interval_category_dataset_1, 574)).
val(f_category_keys_28, null, line(default_interval_category_dataset_1, 690)).
val(f_category_keys_28, null, line(default_interval_category_dataset_1, 748)).


Exec. Time - 00:00:01.255
dynamic_analyzer.sh executed successfully.
Getting configurations from config.properties
Running Fault Localizer with
Rules: ../../lib/npe-rules.pl
Facts: /home/mario/Desktop/LogicFL/defects4j/Chart-16/result/logic-fl.pl
Code Facts: /home/mario/Desktop/LogicFL/defects4j/Chart-16/result/code-facts.pl
consult Succeeded
NPE at line(default_interval_category_dataset_1, 574) / Null Expression f_category_keys_28[categoryKeys]
	can be caused by 
f_category_keys_28[categoryKeys] at line(default_interval_category_dataset_1, 574).

NPE at line(default_interval_category_dataset_1, 574) / Null Expression f_category_keys_28[categoryKeys]
	can be caused by 
default_interval_category_dataset_1_literal8[null] at line(default_interval_category_dataset_1, 208).

NPE at line(default_interval_category_dataset_1, 242) / Null Expression f_series_keys_27[seriesKeys]
	can be caused by 
f_series_keys_27[seriesKeys] at line(default_interval_category_dataset_1, 242).

NPE at line(default_interval_category_dataset_1, 242) / Null Expression f_series_keys_27[seriesKeys]
	can be caused by 
default_interval_category_dataset_1_literal7[null] at line(default_interval_category_dataset_1, 207).

NPE at line(default_interval_category_dataset_1, 690) / Null Expression f_category_keys_28[categoryKeys]
	can be caused by 
f_category_keys_28[categoryKeys] at line(default_interval_category_dataset_1, 690).

NPE at line(default_interval_category_dataset_1, 690) / Null Expression f_category_keys_28[categoryKeys]
	can be caused by 
default_interval_category_dataset_1_literal8[null] at line(default_interval_category_dataset_1, 208).

NPE at line(default_interval_category_dataset_1, 748) / Null Expression f_category_keys_28[categoryKeys]
	can be caused by 
f_category_keys_28[categoryKeys] at line(default_interval_category_dataset_1, 748).

NPE at line(default_interval_category_dataset_1, 748) / Null Expression f_category_keys_28[categoryKeys]
	can be caused by 
default_interval_category_dataset_1_literal8[null] at line(default_interval_category_dataset_1, 208).

Total 8 Identified Fault Locations for NPE.
Exec. Time - 00:00:00.145
localizer.sh executed successfully.
All scripts executed successfully.
Test results (Chart-16):
  Passed test classes: 3
  Failed test classes: 2
  Failed tests: 7
  Failed test list:
    - org.jfree.data.category.junit.DefaultIntervalCategoryDatasetTests::testGetCategoryIndex
    - org.jfree.data.category.junit.DefaultIntervalCategoryDatasetTests::testGetSeriesIndex
    - org.jfree.data.category.junit.DefaultIntervalCategoryDatasetTests::testGetRowCount
    - org.jfree.data.category.junit.DefaultIntervalCategoryDatasetTests::testGetRowIndex
    - org.jfree.data.category.junit.DefaultIntervalCategoryDatasetTests::testGetColumnCount
    - org.jfree.data.category.junit.DefaultIntervalCategoryDatasetTests::testGetColumnIndex
    - org.jfree.data.category.junit.DefaultIntervalCategoryDatasetTests::testCloning2
Completed: Chart-16
========================================

========================================
Running LogicFL for: Gson-9
Load configurations from config.properties
Load configurations from config.properties
Collecting coverage from failed tests...
Running Tests...
Executing command - /usr/bin/java -Xms256m -Xmx1024m -classpath ../../lib/*:../../d4j-lib/Gson/lib/junit/junit/3.8.2/junit-3.8.2.jar:lib/Gson-9_buggy_src.jar:lib/Gson-9_fixed_test.jar:../../d4j-lib/lib/junit-4.11.jar:../../d4j-lib/Gson/lib/com/google/code/findbugs/jsr305/3.0.0/jsr305-3.0.0.jar:../../d4j-lib/Gson/lib/junit/junit/4.12/junit-4.12.jar:../../d4j-lib/Gson/lib/org/hamcrest/hamcrest-core/1.3/hamcrest-core-1.3.jar -javaagent:../../lib/jacocoagent.jar=excludes=org.junit.*,append=false,destfile=/home/mario/Desktop/LogicFL/defects4j/Gson-9/result/jacoco.exec logicfl.coverage.JUnit4TestRunner config.properties true /home/mario/Desktop/LogicFL/defects4j/Gson-9/result/npe.traces.json /home/mario/Desktop/LogicFL/defects4j/Gson-9/tests.json
Load configurations from config.properties
Loading test information from /home/mario/Desktop/LogicFL/defects4j/Gson-9/tests.json
Test execution summary:
Tests executed - 1
Tests succeeded - 0
Tests failed - 1
testBoxedBooleans(com.google.gson.stream.JsonWriterTest): 'com.google.gson.stream.JsonWriter com.google.gson.stream.JsonWriter.value(java.lang.Boolean)'
'com.google.gson.stream.JsonWriter com.google.gson.stream.JsonWriter.value(java.lang.Boolean)'
java.lang.NoSuchMethodError: 'com.google.gson.stream.JsonWriter com.google.gson.stream.JsonWriter.value(java.lang.Boolean)'
	at com.google.gson.stream.JsonWriterTest.testBoxedBooleans(JsonWriterTest.java:290)
	at java.base/jdk.internal.reflect.NativeMethodAccessorImpl.invoke0(Native Method)
	at java.base/jdk.internal.reflect.NativeMethodAccessorImpl.invoke(NativeMethodAccessorImpl.java:77)
	at java.base/jdk.internal.reflect.DelegatingMethodAccessorImpl.invoke(DelegatingMethodAccessorImpl.java:43)
	at java.base/java.lang.reflect.Method.invoke(Method.java:569)
	at junit.framework.TestCase.runTest(TestCase.java:177)
	at junit.framework.TestCase.runBare(TestCase.java:142)
	at junit.framework.TestResult$1.protect(TestResult.java:122)
	at junit.framework.TestResult.runProtected(TestResult.java:142)
	at junit.framework.TestResult.run(TestResult.java:125)
	at junit.framework.TestCase.run(TestCase.java:130)
	at junit.framework.TestSuite.runTest(TestSuite.java:241)
	at junit.framework.TestSuite.run(TestSuite.java:236)
	at org.junit.internal.runners.JUnit38ClassRunner.run(JUnit38ClassRunner.java:90)
	at org.junit.runner.JUnitCore.run(JUnitCore.java:137)
	at logicfl.coverage.JUnit4TestRunner.main(JUnit4TestRunner.java:36)

Store NPE traces to /home/mario/Desktop/LogicFL/defects4j/Gson-9/result/npe.traces.json
NPE Stack Traces exported to /home/mario/Desktop/LogicFL/defects4j/Gson-9/result/npe.traces.json

Analyzing Coverage Data...
Covered Classes:[com.google.gson.stream.JsonWriter, com.google.gson.stream.JsonWriterTest]
Coverage information exported to /home/mario/Desktop/LogicFL/defects4j/Gson-9/coverage.json
Collecting coverage complete.
Exec. Time - 00:00:00.685
coverage.sh executed successfully.
Getting configurations from config.properties
Total 2 Target classes.
Analyzing class - com.google.gson.stream.JsonWriter
Analyzing class - com.google.gson.stream.JsonWriterTest
Compilation successful!
FL Facts are exported to /home/mario/Desktop/LogicFL/defects4j/Gson-9/result/logic-fl.pl
Code Facts are exported to /home/mario/Desktop/LogicFL/defects4j/Gson-9/result/code-facts.pl
Line matching information exported to /home/mario/Desktop/LogicFL/defects4j/Gson-9/result/line.info.json
Exec. Time - 00:00:02.498
static_analyzer.sh executed successfully.
Getting configurations from config.properties
Load configurations from config.properties
Executing command - /usr/bin/java -Xms256m -Xmx1024m -classpath /home/mario/Desktop/LogicFL/defects4j/Gson-9/result/classes:../../lib/*:../../d4j-lib/Gson/lib/junit/junit/3.8.2/junit-3.8.2.jar:lib/Gson-9_buggy_src.jar:lib/Gson-9_fixed_test.jar:../../d4j-lib/lib/junit-4.11.jar:../../d4j-lib/Gson/lib/com/google/code/findbugs/jsr305/3.0.0/jsr305-3.0.0.jar:../../d4j-lib/Gson/lib/junit/junit/4.12/junit-4.12.jar:../../d4j-lib/Gson/lib/org/hamcrest/hamcrest-core/1.3/hamcrest-core-1.3.jar logicfl.coverage.JUnit4TestRunner config.properties true /home/mario/Desktop/LogicFL/defects4j/Gson-9/result/probe.npe.traces.json /home/mario/Desktop/LogicFL/defects4j/Gson-9/tests.json
Load configurations from config.properties
Loading test information from /home/mario/Desktop/LogicFL/defects4j/Gson-9/tests.json
Test execution summary:
Tests executed - 1
Tests succeeded - 0
Tests failed - 1
testBoxedBooleans(com.google.gson.stream.JsonWriterTest): Cannot invoke "java.lang.Boolean.booleanValue()" because "null" is null
Cannot invoke "java.lang.Boolean.booleanValue()" because "null" is null
java.lang.NullPointerException: Cannot invoke "java.lang.Boolean.booleanValue()" because "null" is null
	at com.google.gson.stream.JsonWriterTest.testBoxedBooleans(JsonWriterTest.java:298)
	at java.base/jdk.internal.reflect.NativeMethodAccessorImpl.invoke0(Native Method)
	at java.base/jdk.internal.reflect.NativeMethodAccessorImpl.invoke(NativeMethodAccessorImpl.java:77)
	at java.base/jdk.internal.reflect.DelegatingMethodAccessorImpl.invoke(DelegatingMethodAccessorImpl.java:43)
	at java.base/java.lang.reflect.Method.invoke(Method.java:569)
	at junit.framework.TestCase.runTest(TestCase.java:177)
	at junit.framework.TestCase.runBare(TestCase.java:142)
	at junit.framework.TestResult$1.protect(TestResult.java:122)
	at junit.framework.TestResult.runProtected(TestResult.java:142)
	at junit.framework.TestResult.run(TestResult.java:125)
	at junit.framework.TestCase.run(TestCase.java:130)
	at junit.framework.TestSuite.runTest(TestSuite.java:241)
	at junit.framework.TestSuite.run(TestSuite.java:236)
	at org.junit.internal.runners.JUnit38ClassRunner.run(JUnit38ClassRunner.java:90)
	at org.junit.runner.JUnitCore.run(JUnitCore.java:137)
	at logicfl.coverage.JUnit4TestRunner.main(JUnit4TestRunner.java:36)

Store NPE traces to /home/mario/Desktop/LogicFL/defects4j/Gson-9/result/probe.npe.traces.json
NPE Stack Traces exported to /home/mario/Desktop/LogicFL/defects4j/Gson-9/result/probe.npe.traces.json




Exec. Time - 00:00:00.938
dynamic_analyzer.sh executed successfully.
Getting configurations from config.properties
Running Fault Localizer with
Rules: ../../lib/npe-rules.pl
Facts: /home/mario/Desktop/LogicFL/defects4j/Gson-9/result/logic-fl.pl
Code Facts: /home/mario/Desktop/LogicFL/defects4j/Gson-9/result/code-facts.pl
consult Succeeded
Total 0 Identified Fault Locations for NPE.
Exec. Time - 00:00:00.107
localizer.sh executed successfully.
All scripts executed successfully.
Test results (Gson-9):
  Passed test classes: 3
  Failed test classes: 2
  Failed tests: 1
  Failed test list:
    - com.google.gson.stream.JsonWriterTest::testBoxedBooleans
Completed: Gson-9
========================================

========================================
Running LogicFL for: Lang-57
Load configurations from config.properties
Load configurations from config.properties
Collecting coverage from failed tests...
Running Tests...
Executing command - /usr/bin/java -Xms256m -Xmx1024m -classpath ../../lib/*:lib/Lang-57_buggy_src.jar:lib/Lang-57_fixed_test.jar -javaagent:../../lib/jacocoagent.jar=excludes=org.junit.*,append=false,destfile=/home/mario/Desktop/LogicFL/defects4j/Lang-57/result/jacoco.exec logicfl.coverage.JUnit4TestRunner config.properties true /home/mario/Desktop/LogicFL/defects4j/Lang-57/result/npe.traces.json /home/mario/Desktop/LogicFL/defects4j/Lang-57/tests.json
Load configurations from config.properties
Loading test information from /home/mario/Desktop/LogicFL/defects4j/Lang-57/tests.json
Test execution summary:
Tests executed - 11
Tests succeeded - 0
Tests failed - 11
testAvailableLocaleSet(org.apache.commons.lang.LocaleUtilsTest): Cannot invoke "java.util.Set.contains(Object)" because "org.apache.commons.lang.LocaleUtils.cAvailableLocaleSet" is null
Cannot invoke "java.util.Set.contains(Object)" because "org.apache.commons.lang.LocaleUtils.cAvailableLocaleSet" is null
java.lang.NullPointerException: Cannot invoke "java.util.Set.contains(Object)" because "org.apache.commons.lang.LocaleUtils.cAvailableLocaleSet" is null
	at org.apache.commons.lang.LocaleUtils.isAvailableLocale(LocaleUtils.java:223)
	at org.apache.commons.lang.LocaleUtilsTest.setUp(LocaleUtilsTest.java:82)
	at junit.framework.TestCase.runBare(TestCase.java:140)
	at junit.framework.TestResult$1.protect(TestResult.java:122)
	at junit.framework.TestResult.runProtected(TestResult.java:142)
	at junit.framework.TestResult.run(TestResult.java:125)
	at junit.framework.TestCase.run(TestCase.java:130)
	at junit.framework.TestSuite.runTest(TestSuite.java:241)
	at junit.framework.TestSuite.run(TestSuite.java:236)
	at org.junit.internal.runners.JUnit38ClassRunner.run(JUnit38ClassRunner.java:90)
	at org.junit.runner.JUnitCore.run(JUnitCore.java:137)
	at logicfl.coverage.JUnit4TestRunner.main(JUnit4TestRunner.java:36)

testIsAvailableLocale(org.apache.commons.lang.LocaleUtilsTest): Cannot invoke "java.util.Set.contains(Object)" because "org.apache.commons.lang.LocaleUtils.cAvailableLocaleSet" is null
Cannot invoke "java.util.Set.contains(Object)" because "org.apache.commons.lang.LocaleUtils.cAvailableLocaleSet" is null
java.lang.NullPointerException: Cannot invoke "java.util.Set.contains(Object)" because "org.apache.commons.lang.LocaleUtils.cAvailableLocaleSet" is null
	at org.apache.commons.lang.LocaleUtils.isAvailableLocale(LocaleUtils.java:223)
	at org.apache.commons.lang.LocaleUtilsTest.setUp(LocaleUtilsTest.java:82)
	at junit.framework.TestCase.runBare(TestCase.java:140)
	at junit.framework.TestResult$1.protect(TestResult.java:122)
	at junit.framework.TestResult.runProtected(TestResult.java:142)
	at junit.framework.TestResult.run(TestResult.java:125)
	at junit.framework.TestCase.run(TestCase.java:130)
	at junit.framework.TestSuite.runTest(TestSuite.java:241)
	at junit.framework.TestSuite.run(TestSuite.java:236)
	at org.junit.internal.runners.JUnit38ClassRunner.run(JUnit38ClassRunner.java:90)
	at org.junit.runner.JUnitCore.run(JUnitCore.java:137)
	at logicfl.coverage.JUnit4TestRunner.main(JUnit4TestRunner.java:36)

testAvailableLocaleList(org.apache.commons.lang.LocaleUtilsTest): Cannot invoke "java.util.Set.contains(Object)" because "org.apache.commons.lang.LocaleUtils.cAvailableLocaleSet" is null
Cannot invoke "java.util.Set.contains(Object)" because "org.apache.commons.lang.LocaleUtils.cAvailableLocaleSet" is null
java.lang.NullPointerException: Cannot invoke "java.util.Set.contains(Object)" because "org.apache.commons.lang.LocaleUtils.cAvailableLocaleSet" is null
	at org.apache.commons.lang.LocaleUtils.isAvailableLocale(LocaleUtils.java:223)
	at org.apache.commons.lang.LocaleUtilsTest.setUp(LocaleUtilsTest.java:82)
	at junit.framework.TestCase.runBare(TestCase.java:140)
	at junit.framework.TestResult$1.protect(TestResult.java:122)
	at junit.framework.TestResult.runProtected(TestResult.java:142)
	at junit.framework.TestResult.run(TestResult.java:125)
	at junit.framework.TestCase.run(TestCase.java:130)
	at junit.framework.TestSuite.runTest(TestSuite.java:241)
	at junit.framework.TestSuite.run(TestSuite.java:236)
	at org.junit.internal.runners.JUnit38ClassRunner.run(JUnit38ClassRunner.java:90)
	at org.junit.runner.JUnitCore.run(JUnitCore.java:137)
	at logicfl.coverage.JUnit4TestRunner.main(JUnit4TestRunner.java:36)

testCountriesByLanguage(org.apache.commons.lang.LocaleUtilsTest): Cannot invoke "java.util.Set.contains(Object)" because "org.apache.commons.lang.LocaleUtils.cAvailableLocaleSet" is null
Cannot invoke "java.util.Set.contains(Object)" because "org.apache.commons.lang.LocaleUtils.cAvailableLocaleSet" is null
java.lang.NullPointerException: Cannot invoke "java.util.Set.contains(Object)" because "org.apache.commons.lang.LocaleUtils.cAvailableLocaleSet" is null
	at org.apache.commons.lang.LocaleUtils.isAvailableLocale(LocaleUtils.java:223)
	at org.apache.commons.lang.LocaleUtilsTest.setUp(LocaleUtilsTest.java:82)
	at junit.framework.TestCase.runBare(TestCase.java:140)
	at junit.framework.TestResult$1.protect(TestResult.java:122)
	at junit.framework.TestResult.runProtected(TestResult.java:142)
	at junit.framework.TestResult.run(TestResult.java:125)
	at junit.framework.TestCase.run(TestCase.java:130)
	at junit.framework.TestSuite.runTest(TestSuite.java:241)
	at junit.framework.TestSuite.run(TestSuite.java:236)
	at org.junit.internal.runners.JUnit38ClassRunner.run(JUnit38ClassRunner.java:90)
	at org.junit.runner.JUnitCore.run(JUnitCore.java:137)
	at logicfl.coverage.JUnit4TestRunner.main(JUnit4TestRunner.java:36)

testLocaleLookupList_LocaleLocale(org.apache.commons.lang.LocaleUtilsTest): Cannot invoke "java.util.Set.contains(Object)" because "org.apache.commons.lang.LocaleUtils.cAvailableLocaleSet" is null
Cannot invoke "java.util.Set.contains(Object)" because "org.apache.commons.lang.LocaleUtils.cAvailableLocaleSet" is null
java.lang.NullPointerException: Cannot invoke "java.util.Set.contains(Object)" because "org.apache.commons.lang.LocaleUtils.cAvailableLocaleSet" is null
	at org.apache.commons.lang.LocaleUtils.isAvailableLocale(LocaleUtils.java:223)
	at org.apache.commons.lang.LocaleUtilsTest.setUp(LocaleUtilsTest.java:82)
	at junit.framework.TestCase.runBare(TestCase.java:140)
	at junit.framework.TestResult$1.protect(TestResult.java:122)
	at junit.framework.TestResult.runProtected(TestResult.java:142)
	at junit.framework.TestResult.run(TestResult.java:125)
	at junit.framework.TestCase.run(TestCase.java:130)
	at junit.framework.TestSuite.runTest(TestSuite.java:241)
	at junit.framework.TestSuite.run(TestSuite.java:236)
	at org.junit.internal.runners.JUnit38ClassRunner.run(JUnit38ClassRunner.java:90)
	at org.junit.runner.JUnitCore.run(JUnitCore.java:137)
	at logicfl.coverage.JUnit4TestRunner.main(JUnit4TestRunner.java:36)

testLanguagesByCountry(org.apache.commons.lang.LocaleUtilsTest): Cannot invoke "java.util.Set.contains(Object)" because "org.apache.commons.lang.LocaleUtils.cAvailableLocaleSet" is null
Cannot invoke "java.util.Set.contains(Object)" because "org.apache.commons.lang.LocaleUtils.cAvailableLocaleSet" is null
java.lang.NullPointerException: Cannot invoke "java.util.Set.contains(Object)" because "org.apache.commons.lang.LocaleUtils.cAvailableLocaleSet" is null
	at org.apache.commons.lang.LocaleUtils.isAvailableLocale(LocaleUtils.java:223)
	at org.apache.commons.lang.LocaleUtilsTest.setUp(LocaleUtilsTest.java:82)
	at junit.framework.TestCase.runBare(TestCase.java:140)
	at junit.framework.TestResult$1.protect(TestResult.java:122)
	at junit.framework.TestResult.runProtected(TestResult.java:142)
	at junit.framework.TestResult.run(TestResult.java:125)
	at junit.framework.TestCase.run(TestCase.java:130)
	at junit.framework.TestSuite.runTest(TestSuite.java:241)
	at junit.framework.TestSuite.run(TestSuite.java:236)
	at org.junit.internal.runners.JUnit38ClassRunner.run(JUnit38ClassRunner.java:90)
	at org.junit.runner.JUnitCore.run(JUnitCore.java:137)
	at logicfl.coverage.JUnit4TestRunner.main(JUnit4TestRunner.java:36)

testToLocale_1Part(org.apache.commons.lang.LocaleUtilsTest): Cannot invoke "java.util.Set.contains(Object)" because "org.apache.commons.lang.LocaleUtils.cAvailableLocaleSet" is null
Cannot invoke "java.util.Set.contains(Object)" because "org.apache.commons.lang.LocaleUtils.cAvailableLocaleSet" is null
java.lang.NullPointerException: Cannot invoke "java.util.Set.contains(Object)" because "org.apache.commons.lang.LocaleUtils.cAvailableLocaleSet" is null
	at org.apache.commons.lang.LocaleUtils.isAvailableLocale(LocaleUtils.java:223)
	at org.apache.commons.lang.LocaleUtilsTest.setUp(LocaleUtilsTest.java:82)
	at junit.framework.TestCase.runBare(TestCase.java:140)
	at junit.framework.TestResult$1.protect(TestResult.java:122)
	at junit.framework.TestResult.runProtected(TestResult.java:142)
	at junit.framework.TestResult.run(TestResult.java:125)
	at junit.framework.TestCase.run(TestCase.java:130)
	at junit.framework.TestSuite.runTest(TestSuite.java:241)
	at junit.framework.TestSuite.run(TestSuite.java:236)
	at org.junit.internal.runners.JUnit38ClassRunner.run(JUnit38ClassRunner.java:90)
	at org.junit.runner.JUnitCore.run(JUnitCore.java:137)
	at logicfl.coverage.JUnit4TestRunner.main(JUnit4TestRunner.java:36)

testToLocale_2Part(org.apache.commons.lang.LocaleUtilsTest): Cannot invoke "java.util.Set.contains(Object)" because "org.apache.commons.lang.LocaleUtils.cAvailableLocaleSet" is null
Cannot invoke "java.util.Set.contains(Object)" because "org.apache.commons.lang.LocaleUtils.cAvailableLocaleSet" is null
java.lang.NullPointerException: Cannot invoke "java.util.Set.contains(Object)" because "org.apache.commons.lang.LocaleUtils.cAvailableLocaleSet" is null
	at org.apache.commons.lang.LocaleUtils.isAvailableLocale(LocaleUtils.java:223)
	at org.apache.commons.lang.LocaleUtilsTest.setUp(LocaleUtilsTest.java:82)
	at junit.framework.TestCase.runBare(TestCase.java:140)
	at junit.framework.TestResult$1.protect(TestResult.java:122)
	at junit.framework.TestResult.runProtected(TestResult.java:142)
	at junit.framework.TestResult.run(TestResult.java:125)
	at junit.framework.TestCase.run(TestCase.java:130)
	at junit.framework.TestSuite.runTest(TestSuite.java:241)
	at junit.framework.TestSuite.run(TestSuite.java:236)
	at org.junit.internal.runners.JUnit38ClassRunner.run(JUnit38ClassRunner.java:90)
	at org.junit.runner.JUnitCore.run(JUnitCore.java:137)
	at logicfl.coverage.JUnit4TestRunner.main(JUnit4TestRunner.java:36)

testToLocale_3Part(org.apache.commons.lang.LocaleUtilsTest): Cannot invoke "java.util.Set.contains(Object)" because "org.apache.commons.lang.LocaleUtils.cAvailableLocaleSet" is null
Cannot invoke "java.util.Set.contains(Object)" because "org.apache.commons.lang.LocaleUtils.cAvailableLocaleSet" is null
java.lang.NullPointerException: Cannot invoke "java.util.Set.contains(Object)" because "org.apache.commons.lang.LocaleUtils.cAvailableLocaleSet" is null
	at org.apache.commons.lang.LocaleUtils.isAvailableLocale(LocaleUtils.java:223)
	at org.apache.commons.lang.LocaleUtilsTest.setUp(LocaleUtilsTest.java:82)
	at junit.framework.TestCase.runBare(TestCase.java:140)
	at junit.framework.TestResult$1.protect(TestResult.java:122)
	at junit.framework.TestResult.runProtected(TestResult.java:142)
	at junit.framework.TestResult.run(TestResult.java:125)
	at junit.framework.TestCase.run(TestCase.java:130)
	at junit.framework.TestSuite.runTest(TestSuite.java:241)
	at junit.framework.TestSuite.run(TestSuite.java:236)
	at org.junit.internal.runners.JUnit38ClassRunner.run(JUnit38ClassRunner.java:90)
	at org.junit.runner.JUnitCore.run(JUnitCore.java:137)
	at logicfl.coverage.JUnit4TestRunner.main(JUnit4TestRunner.java:36)

testLocaleLookupList_Locale(org.apache.commons.lang.LocaleUtilsTest): Cannot invoke "java.util.Set.contains(Object)" because "org.apache.commons.lang.LocaleUtils.cAvailableLocaleSet" is null
Cannot invoke "java.util.Set.contains(Object)" because "org.apache.commons.lang.LocaleUtils.cAvailableLocaleSet" is null
java.lang.NullPointerException: Cannot invoke "java.util.Set.contains(Object)" because "org.apache.commons.lang.LocaleUtils.cAvailableLocaleSet" is null
	at org.apache.commons.lang.LocaleUtils.isAvailableLocale(LocaleUtils.java:223)
	at org.apache.commons.lang.LocaleUtilsTest.setUp(LocaleUtilsTest.java:82)
	at junit.framework.TestCase.runBare(TestCase.java:140)
	at junit.framework.TestResult$1.protect(TestResult.java:122)
	at junit.framework.TestResult.runProtected(TestResult.java:142)
	at junit.framework.TestResult.run(TestResult.java:125)
	at junit.framework.TestCase.run(TestCase.java:130)
	at junit.framework.TestSuite.runTest(TestSuite.java:241)
	at junit.framework.TestSuite.run(TestSuite.java:236)
	at org.junit.internal.runners.JUnit38ClassRunner.run(JUnit38ClassRunner.java:90)
	at org.junit.runner.JUnitCore.run(JUnitCore.java:137)
	at logicfl.coverage.JUnit4TestRunner.main(JUnit4TestRunner.java:36)

testConstructor(org.apache.commons.lang.LocaleUtilsTest): Cannot invoke "java.util.Set.contains(Object)" because "org.apache.commons.lang.LocaleUtils.cAvailableLocaleSet" is null
Cannot invoke "java.util.Set.contains(Object)" because "org.apache.commons.lang.LocaleUtils.cAvailableLocaleSet" is null
java.lang.NullPointerException: Cannot invoke "java.util.Set.contains(Object)" because "org.apache.commons.lang.LocaleUtils.cAvailableLocaleSet" is null
	at org.apache.commons.lang.LocaleUtils.isAvailableLocale(LocaleUtils.java:223)
	at org.apache.commons.lang.LocaleUtilsTest.setUp(LocaleUtilsTest.java:82)
	at junit.framework.TestCase.runBare(TestCase.java:140)
	at junit.framework.TestResult$1.protect(TestResult.java:122)
	at junit.framework.TestResult.runProtected(TestResult.java:142)
	at junit.framework.TestResult.run(TestResult.java:125)
	at junit.framework.TestCase.run(TestCase.java:130)
	at junit.framework.TestSuite.runTest(TestSuite.java:241)
	at junit.framework.TestSuite.run(TestSuite.java:236)
	at org.junit.internal.runners.JUnit38ClassRunner.run(JUnit38ClassRunner.java:90)
	at org.junit.runner.JUnitCore.run(JUnitCore.java:137)
	at logicfl.coverage.JUnit4TestRunner.main(JUnit4TestRunner.java:36)

Store NPE traces to /home/mario/Desktop/LogicFL/defects4j/Lang-57/result/npe.traces.json
NPE Stack Traces exported to /home/mario/Desktop/LogicFL/defects4j/Lang-57/result/npe.traces.json

Analyzing Coverage Data...
Covered Classes:[org.apache.commons.lang.LocaleUtilsTest, org.apache.commons.lang.LocaleUtils]
Coverage information exported to /home/mario/Desktop/LogicFL/defects4j/Lang-57/coverage.json
Collecting coverage complete.
Exec. Time - 00:00:00.692
coverage.sh executed successfully.
Getting configurations from config.properties
Total 2 Target classes.
Analyzing class - org.apache.commons.lang.LocaleUtils
Analyzing class - org.apache.commons.lang.LocaleUtilsTest
Compilation successful!
FL Facts are exported to /home/mario/Desktop/LogicFL/defects4j/Lang-57/result/logic-fl.pl
Code Facts are exported to /home/mario/Desktop/LogicFL/defects4j/Lang-57/result/code-facts.pl
Line matching information exported to /home/mario/Desktop/LogicFL/defects4j/Lang-57/result/line.info.json
Exec. Time - 00:00:02.915
static_analyzer.sh executed successfully.
Getting configurations from config.properties
Load configurations from config.properties
Executing command - /usr/bin/java -Xms256m -Xmx1024m -classpath /home/mario/Desktop/LogicFL/defects4j/Lang-57/result/classes:../../lib/*:lib/Lang-57_buggy_src.jar:lib/Lang-57_fixed_test.jar logicfl.coverage.JUnit4TestRunner config.properties true /home/mario/Desktop/LogicFL/defects4j/Lang-57/result/probe.npe.traces.json /home/mario/Desktop/LogicFL/defects4j/Lang-57/tests.json
Load configurations from config.properties
Loading test information from /home/mario/Desktop/LogicFL/defects4j/Lang-57/tests.json
Test execution summary:
Tests executed - 11
Tests succeeded - 0
Tests failed - 11
testAvailableLocaleSet(org.apache.commons.lang.LocaleUtilsTest): Cannot invoke "java.util.Set.contains(Object)" because "f_c_available_locale_set_10_line_223" is null
Cannot invoke "java.util.Set.contains(Object)" because "f_c_available_locale_set_10_line_223" is null
java.lang.NullPointerException: Cannot invoke "java.util.Set.contains(Object)" because "f_c_available_locale_set_10_line_223" is null
	at org.apache.commons.lang.LocaleUtils.isAvailableLocale(LocaleUtils.java:246)
	at org.apache.commons.lang.LocaleUtilsTest.setUp(LocaleUtilsTest.java:91)
	at junit.framework.TestCase.runBare(TestCase.java:140)
	at junit.framework.TestResult$1.protect(TestResult.java:122)
	at junit.framework.TestResult.runProtected(TestResult.java:142)
	at junit.framework.TestResult.run(TestResult.java:125)
	at junit.framework.TestCase.run(TestCase.java:130)
	at junit.framework.TestSuite.runTest(TestSuite.java:241)
	at junit.framework.TestSuite.run(TestSuite.java:236)
	at org.junit.internal.runners.JUnit38ClassRunner.run(JUnit38ClassRunner.java:90)
	at org.junit.runner.JUnitCore.run(JUnitCore.java:137)
	at logicfl.coverage.JUnit4TestRunner.main(JUnit4TestRunner.java:36)

testIsAvailableLocale(org.apache.commons.lang.LocaleUtilsTest): Cannot invoke "java.util.Set.contains(Object)" because "f_c_available_locale_set_10_line_223" is null
Cannot invoke "java.util.Set.contains(Object)" because "f_c_available_locale_set_10_line_223" is null
java.lang.NullPointerException: Cannot invoke "java.util.Set.contains(Object)" because "f_c_available_locale_set_10_line_223" is null
	at org.apache.commons.lang.LocaleUtils.isAvailableLocale(LocaleUtils.java:246)
	at org.apache.commons.lang.LocaleUtilsTest.setUp(LocaleUtilsTest.java:91)
	at junit.framework.TestCase.runBare(TestCase.java:140)
	at junit.framework.TestResult$1.protect(TestResult.java:122)
	at junit.framework.TestResult.runProtected(TestResult.java:142)
	at junit.framework.TestResult.run(TestResult.java:125)
	at junit.framework.TestCase.run(TestCase.java:130)
	at junit.framework.TestSuite.runTest(TestSuite.java:241)
	at junit.framework.TestSuite.run(TestSuite.java:236)
	at org.junit.internal.runners.JUnit38ClassRunner.run(JUnit38ClassRunner.java:90)
	at org.junit.runner.JUnitCore.run(JUnitCore.java:137)
	at logicfl.coverage.JUnit4TestRunner.main(JUnit4TestRunner.java:36)

testAvailableLocaleList(org.apache.commons.lang.LocaleUtilsTest): Cannot invoke "java.util.Set.contains(Object)" because "f_c_available_locale_set_10_line_223" is null
Cannot invoke "java.util.Set.contains(Object)" because "f_c_available_locale_set_10_line_223" is null
java.lang.NullPointerException: Cannot invoke "java.util.Set.contains(Object)" because "f_c_available_locale_set_10_line_223" is null
	at org.apache.commons.lang.LocaleUtils.isAvailableLocale(LocaleUtils.java:246)
	at org.apache.commons.lang.LocaleUtilsTest.setUp(LocaleUtilsTest.java:91)
	at junit.framework.TestCase.runBare(TestCase.java:140)
	at junit.framework.TestResult$1.protect(TestResult.java:122)
	at junit.framework.TestResult.runProtected(TestResult.java:142)
	at junit.framework.TestResult.run(TestResult.java:125)
	at junit.framework.TestCase.run(TestCase.java:130)
	at junit.framework.TestSuite.runTest(TestSuite.java:241)
	at junit.framework.TestSuite.run(TestSuite.java:236)
	at org.junit.internal.runners.JUnit38ClassRunner.run(JUnit38ClassRunner.java:90)
	at org.junit.runner.JUnitCore.run(JUnitCore.java:137)
	at logicfl.coverage.JUnit4TestRunner.main(JUnit4TestRunner.java:36)

testCountriesByLanguage(org.apache.commons.lang.LocaleUtilsTest): Cannot invoke "java.util.Set.contains(Object)" because "f_c_available_locale_set_10_line_223" is null
Cannot invoke "java.util.Set.contains(Object)" because "f_c_available_locale_set_10_line_223" is null
java.lang.NullPointerException: Cannot invoke "java.util.Set.contains(Object)" because "f_c_available_locale_set_10_line_223" is null
	at org.apache.commons.lang.LocaleUtils.isAvailableLocale(LocaleUtils.java:246)
	at org.apache.commons.lang.LocaleUtilsTest.setUp(LocaleUtilsTest.java:91)
	at junit.framework.TestCase.runBare(TestCase.java:140)
	at junit.framework.TestResult$1.protect(TestResult.java:122)
	at junit.framework.TestResult.runProtected(TestResult.java:142)
	at junit.framework.TestResult.run(TestResult.java:125)
	at junit.framework.TestCase.run(TestCase.java:130)
	at junit.framework.TestSuite.runTest(TestSuite.java:241)
	at junit.framework.TestSuite.run(TestSuite.java:236)
	at org.junit.internal.runners.JUnit38ClassRunner.run(JUnit38ClassRunner.java:90)
	at org.junit.runner.JUnitCore.run(JUnitCore.java:137)
	at logicfl.coverage.JUnit4TestRunner.main(JUnit4TestRunner.java:36)

testLocaleLookupList_LocaleLocale(org.apache.commons.lang.LocaleUtilsTest): Cannot invoke "java.util.Set.contains(Object)" because "f_c_available_locale_set_10_line_223" is null
Cannot invoke "java.util.Set.contains(Object)" because "f_c_available_locale_set_10_line_223" is null
java.lang.NullPointerException: Cannot invoke "java.util.Set.contains(Object)" because "f_c_available_locale_set_10_line_223" is null
	at org.apache.commons.lang.LocaleUtils.isAvailableLocale(LocaleUtils.java:246)
	at org.apache.commons.lang.LocaleUtilsTest.setUp(LocaleUtilsTest.java:91)
	at junit.framework.TestCase.runBare(TestCase.java:140)
	at junit.framework.TestResult$1.protect(TestResult.java:122)
	at junit.framework.TestResult.runProtected(TestResult.java:142)
	at junit.framework.TestResult.run(TestResult.java:125)
	at junit.framework.TestCase.run(TestCase.java:130)
	at junit.framework.TestSuite.runTest(TestSuite.java:241)
	at junit.framework.TestSuite.run(TestSuite.java:236)
	at org.junit.internal.runners.JUnit38ClassRunner.run(JUnit38ClassRunner.java:90)
	at org.junit.runner.JUnitCore.run(JUnitCore.java:137)
	at logicfl.coverage.JUnit4TestRunner.main(JUnit4TestRunner.java:36)

testLanguagesByCountry(org.apache.commons.lang.LocaleUtilsTest): Cannot invoke "java.util.Set.contains(Object)" because "f_c_available_locale_set_10_line_223" is null
Cannot invoke "java.util.Set.contains(Object)" because "f_c_available_locale_set_10_line_223" is null
java.lang.NullPointerException: Cannot invoke "java.util.Set.contains(Object)" because "f_c_available_locale_set_10_line_223" is null
	at org.apache.commons.lang.LocaleUtils.isAvailableLocale(LocaleUtils.java:246)
	at org.apache.commons.lang.LocaleUtilsTest.setUp(LocaleUtilsTest.java:91)
	at junit.framework.TestCase.runBare(TestCase.java:140)
	at junit.framework.TestResult$1.protect(TestResult.java:122)
	at junit.framework.TestResult.runProtected(TestResult.java:142)
	at junit.framework.TestResult.run(TestResult.java:125)
	at junit.framework.TestCase.run(TestCase.java:130)
	at junit.framework.TestSuite.runTest(TestSuite.java:241)
	at junit.framework.TestSuite.run(TestSuite.java:236)
	at org.junit.internal.runners.JUnit38ClassRunner.run(JUnit38ClassRunner.java:90)
	at org.junit.runner.JUnitCore.run(JUnitCore.java:137)
	at logicfl.coverage.JUnit4TestRunner.main(JUnit4TestRunner.java:36)

testToLocale_1Part(org.apache.commons.lang.LocaleUtilsTest): Cannot invoke "java.util.Set.contains(Object)" because "f_c_available_locale_set_10_line_223" is null
Cannot invoke "java.util.Set.contains(Object)" because "f_c_available_locale_set_10_line_223" is null
java.lang.NullPointerException: Cannot invoke "java.util.Set.contains(Object)" because "f_c_available_locale_set_10_line_223" is null
	at org.apache.commons.lang.LocaleUtils.isAvailableLocale(LocaleUtils.java:246)
	at org.apache.commons.lang.LocaleUtilsTest.setUp(LocaleUtilsTest.java:91)
	at junit.framework.TestCase.runBare(TestCase.java:140)
	at junit.framework.TestResult$1.protect(TestResult.java:122)
	at junit.framework.TestResult.runProtected(TestResult.java:142)
	at junit.framework.TestResult.run(TestResult.java:125)
	at junit.framework.TestCase.run(TestCase.java:130)
	at junit.framework.TestSuite.runTest(TestSuite.java:241)
	at junit.framework.TestSuite.run(TestSuite.java:236)
	at org.junit.internal.runners.JUnit38ClassRunner.run(JUnit38ClassRunner.java:90)
	at org.junit.runner.JUnitCore.run(JUnitCore.java:137)
	at logicfl.coverage.JUnit4TestRunner.main(JUnit4TestRunner.java:36)

testToLocale_2Part(org.apache.commons.lang.LocaleUtilsTest): Cannot invoke "java.util.Set.contains(Object)" because "f_c_available_locale_set_10_line_223" is null
Cannot invoke "java.util.Set.contains(Object)" because "f_c_available_locale_set_10_line_223" is null
java.lang.NullPointerException: Cannot invoke "java.util.Set.contains(Object)" because "f_c_available_locale_set_10_line_223" is null
	at org.apache.commons.lang.LocaleUtils.isAvailableLocale(LocaleUtils.java:246)
	at org.apache.commons.lang.LocaleUtilsTest.setUp(LocaleUtilsTest.java:91)
	at junit.framework.TestCase.runBare(TestCase.java:140)
	at junit.framework.TestResult$1.protect(TestResult.java:122)
	at junit.framework.TestResult.runProtected(TestResult.java:142)
	at junit.framework.TestResult.run(TestResult.java:125)
	at junit.framework.TestCase.run(TestCase.java:130)
	at junit.framework.TestSuite.runTest(TestSuite.java:241)
	at junit.framework.TestSuite.run(TestSuite.java:236)
	at org.junit.internal.runners.JUnit38ClassRunner.run(JUnit38ClassRunner.java:90)
	at org.junit.runner.JUnitCore.run(JUnitCore.java:137)
	at logicfl.coverage.JUnit4TestRunner.main(JUnit4TestRunner.java:36)

testToLocale_3Part(org.apache.commons.lang.LocaleUtilsTest): Cannot invoke "java.util.Set.contains(Object)" because "f_c_available_locale_set_10_line_223" is null
Cannot invoke "java.util.Set.contains(Object)" because "f_c_available_locale_set_10_line_223" is null
java.lang.NullPointerException: Cannot invoke "java.util.Set.contains(Object)" because "f_c_available_locale_set_10_line_223" is null
	at org.apache.commons.lang.LocaleUtils.isAvailableLocale(LocaleUtils.java:246)
	at org.apache.commons.lang.LocaleUtilsTest.setUp(LocaleUtilsTest.java:91)
	at junit.framework.TestCase.runBare(TestCase.java:140)
	at junit.framework.TestResult$1.protect(TestResult.java:122)
	at junit.framework.TestResult.runProtected(TestResult.java:142)
	at junit.framework.TestResult.run(TestResult.java:125)
	at junit.framework.TestCase.run(TestCase.java:130)
	at junit.framework.TestSuite.runTest(TestSuite.java:241)
	at junit.framework.TestSuite.run(TestSuite.java:236)
	at org.junit.internal.runners.JUnit38ClassRunner.run(JUnit38ClassRunner.java:90)
	at org.junit.runner.JUnitCore.run(JUnitCore.java:137)
	at logicfl.coverage.JUnit4TestRunner.main(JUnit4TestRunner.java:36)

testLocaleLookupList_Locale(org.apache.commons.lang.LocaleUtilsTest): Cannot invoke "java.util.Set.contains(Object)" because "f_c_available_locale_set_10_line_223" is null
Cannot invoke "java.util.Set.contains(Object)" because "f_c_available_locale_set_10_line_223" is null
java.lang.NullPointerException: Cannot invoke "java.util.Set.contains(Object)" because "f_c_available_locale_set_10_line_223" is null
	at org.apache.commons.lang.LocaleUtils.isAvailableLocale(LocaleUtils.java:246)
	at org.apache.commons.lang.LocaleUtilsTest.setUp(LocaleUtilsTest.java:91)
	at junit.framework.TestCase.runBare(TestCase.java:140)
	at junit.framework.TestResult$1.protect(TestResult.java:122)
	at junit.framework.TestResult.runProtected(TestResult.java:142)
	at junit.framework.TestResult.run(TestResult.java:125)
	at junit.framework.TestCase.run(TestCase.java:130)
	at junit.framework.TestSuite.runTest(TestSuite.java:241)
	at junit.framework.TestSuite.run(TestSuite.java:236)
	at org.junit.internal.runners.JUnit38ClassRunner.run(JUnit38ClassRunner.java:90)
	at org.junit.runner.JUnitCore.run(JUnitCore.java:137)
	at logicfl.coverage.JUnit4TestRunner.main(JUnit4TestRunner.java:36)

testConstructor(org.apache.commons.lang.LocaleUtilsTest): Cannot invoke "java.util.Set.contains(Object)" because "f_c_available_locale_set_10_line_223" is null
Cannot invoke "java.util.Set.contains(Object)" because "f_c_available_locale_set_10_line_223" is null
java.lang.NullPointerException: Cannot invoke "java.util.Set.contains(Object)" because "f_c_available_locale_set_10_line_223" is null
	at org.apache.commons.lang.LocaleUtils.isAvailableLocale(LocaleUtils.java:246)
	at org.apache.commons.lang.LocaleUtilsTest.setUp(LocaleUtilsTest.java:91)
	at junit.framework.TestCase.runBare(TestCase.java:140)
	at junit.framework.TestResult$1.protect(TestResult.java:122)
	at junit.framework.TestResult.runProtected(TestResult.java:142)
	at junit.framework.TestResult.run(TestResult.java:125)
	at junit.framework.TestCase.run(TestCase.java:130)
	at junit.framework.TestSuite.runTest(TestSuite.java:241)
	at junit.framework.TestSuite.run(TestSuite.java:236)
	at org.junit.internal.runners.JUnit38ClassRunner.run(JUnit38ClassRunner.java:90)
	at org.junit.runner.JUnitCore.run(JUnitCore.java:137)
	at logicfl.coverage.JUnit4TestRunner.main(JUnit4TestRunner.java:36)

Store NPE traces to /home/mario/Desktop/LogicFL/defects4j/Lang-57/result/probe.npe.traces.json
NPE Stack Traces exported to /home/mario/Desktop/LogicFL/defects4j/Lang-57/result/probe.npe.traces.json


val(f_c_available_locale_set_10, null, line(locale_utils_1, 223)).


Exec. Time - 00:00:01.380
dynamic_analyzer.sh executed successfully.
Getting configurations from config.properties
Running Fault Localizer with
Rules: ../../lib/npe-rules.pl
Facts: /home/mario/Desktop/LogicFL/defects4j/Lang-57/result/logic-fl.pl
Code Facts: /home/mario/Desktop/LogicFL/defects4j/Lang-57/result/code-facts.pl
consult Succeeded
NPE at line(locale_utils_1, 223) / Null Expression f_c_available_locale_set_10[cAvailableLocaleSet]
	can be caused by 
f_c_available_locale_set_10[cAvailableLocaleSet] at line(locale_utils_1, 223).

Total 1 Identified Fault Locations for NPE.
Exec. Time - 00:00:00.103
localizer.sh executed successfully.
All scripts executed successfully.
Test results (Lang-57):
  Passed test classes: 3
  Failed test classes: 2
  Failed tests: 11
  Failed test list:
    - org.apache.commons.lang.LocaleUtilsTest::testAvailableLocaleSet
    - org.apache.commons.lang.LocaleUtilsTest::testIsAvailableLocale
    - org.apache.commons.lang.LocaleUtilsTest::testAvailableLocaleList
    - org.apache.commons.lang.LocaleUtilsTest::testCountriesByLanguage
    - org.apache.commons.lang.LocaleUtilsTest::testLocaleLookupList_LocaleLocale
    - org.apache.commons.lang.LocaleUtilsTest::testLanguagesByCountry
    - org.apache.commons.lang.LocaleUtilsTest::testToLocale_1Part
    - org.apache.commons.lang.LocaleUtilsTest::testToLocale_2Part
    - org.apache.commons.lang.LocaleUtilsTest::testToLocale_3Part
    - org.apache.commons.lang.LocaleUtilsTest::testLocaleLookupList_Locale
    - org.apache.commons.lang.LocaleUtilsTest::testConstructor
Completed: Lang-57
========================================

========================================
Running LogicFL for: Mockito-38
Load configurations from config.properties
Load configurations from config.properties
Collecting coverage from failed tests...
Running Tests...
Executing command - /usr/bin/java -Xms256m -Xmx1024m -classpath lib/*:../../d4j-lib/Mockito/lib/asm-all-5.0.4.jar:../../d4j-lib/Mockito/lib/assertj-core-2.1.0.jar:../../d4j-lib/Mockito/lib/cglib-and-asm-1.0.jar:../../d4j-lib/Mockito/lib/cobertura-2.0.3.jar:../../d4j-lib/Mockito/lib/fest-assert-1.3.jar:../../d4j-lib/Mockito/lib/fest-util-1.1.4.jar:../../d4j-lib/Mockito/lib/hamcrest-all-1.3.jar:../../d4j-lib/Mockito/lib/hamcrest-core-1.1.jar:../../d4j-lib/Mockito/lib/objenesis-2.1.jar:../../d4j-lib/Mockito/lib/objenesis-2.2.jar:../../d4j-lib/Mockito/lib/powermock-reflect-1.2.5.jar:../../lib/* -javaagent:../../lib/jacocoagent.jar=excludes=org.junit.*,append=false,destfile=/home/mario/Desktop/LogicFL/defects4j/Mockito-38/result/jacoco.exec logicfl.coverage.JUnit4TestRunner config.properties true /home/mario/Desktop/LogicFL/defects4j/Mockito-38/result/npe.traces.json /home/mario/Desktop/LogicFL/defects4j/Mockito-38/tests.json
Load configurations from config.properties
Loading test information from /home/mario/Desktop/LogicFL/defects4j/Mockito-38/tests.json
Test execution summary:
Tests executed - 2
Tests succeeded - 0
Tests failed - 2
shouldWorkFineWhenGivenArgIsNull(org.mockito.internal.verification.argumentmatching.ArgumentMatchingToolTest): Cannot invoke "Object.toString()" because "arg" is null
Cannot invoke "Object.toString()" because "arg" is null
java.lang.NullPointerException: Cannot invoke "Object.toString()" because "arg" is null
	at org.mockito.internal.verification.argumentmatching.ArgumentMatchingTool.toStringEquals(ArgumentMatchingTool.java:48)
	at org.mockito.internal.verification.argumentmatching.ArgumentMatchingTool.getSuspiciouslyNotMatchingArgsIndexes(ArgumentMatchingTool.java:28)
	at org.mockito.internal.verification.argumentmatching.ArgumentMatchingToolTest.shouldWorkFineWhenGivenArgIsNull(ArgumentMatchingToolTest.java:82)
	at java.base/jdk.internal.reflect.NativeMethodAccessorImpl.invoke0(Native Method)
	at java.base/jdk.internal.reflect.NativeMethodAccessorImpl.invoke(NativeMethodAccessorImpl.java:77)
	at java.base/jdk.internal.reflect.DelegatingMethodAccessorImpl.invoke(DelegatingMethodAccessorImpl.java:43)
	at java.base/java.lang.reflect.Method.invoke(Method.java:569)
	at org.junit.runners.model.FrameworkMethod$1.runReflectiveCall(FrameworkMethod.java:59)
	at org.junit.internal.runners.model.ReflectiveCallable.run(ReflectiveCallable.java:12)
	at org.junit.runners.model.FrameworkMethod.invokeExplosively(FrameworkMethod.java:56)
	at org.junit.internal.runners.statements.InvokeMethod.evaluate(InvokeMethod.java:17)
	at org.junit.internal.runners.statements.RunBefores.evaluate(RunBefores.java:26)
	at org.junit.internal.runners.statements.RunAfters.evaluate(RunAfters.java:27)
	at org.junit.runners.ParentRunner$3.evaluate(ParentRunner.java:306)
	at org.junit.runners.BlockJUnit4ClassRunner$1.evaluate(BlockJUnit4ClassRunner.java:100)
	at org.junit.runners.ParentRunner.runLeaf(ParentRunner.java:366)
	at org.junit.runners.BlockJUnit4ClassRunner.runChild(BlockJUnit4ClassRunner.java:103)
	at org.junit.runners.BlockJUnit4ClassRunner.runChild(BlockJUnit4ClassRunner.java:63)
	at org.junit.runners.ParentRunner$4.run(ParentRunner.java:331)
	at org.junit.runners.ParentRunner$1.schedule(ParentRunner.java:79)
	at org.junit.runners.ParentRunner.runChildren(ParentRunner.java:329)
	at org.junit.runners.ParentRunner.access$100(ParentRunner.java:66)
	at org.junit.runners.ParentRunner$2.evaluate(ParentRunner.java:293)
	at org.junit.runners.ParentRunner$3.evaluate(ParentRunner.java:306)
	at org.junit.runners.ParentRunner.run(ParentRunner.java:413)
	at org.junit.runner.JUnitCore.run(JUnitCore.java:137)
	at logicfl.coverage.JUnit4TestRunner.main(JUnit4TestRunner.java:36)

shouldAllowPassingNullArgument(org.mockitousage.bugs.ActualInvocationHasNullArgumentNPEBugTest): null
null
java.lang.ExceptionInInitializerError
	at org.mockito.cglib.core.KeyFactory$Generator.generateClass(KeyFactory.java:167)
	at org.mockito.cglib.core.DefaultGeneratorStrategy.generate(DefaultGeneratorStrategy.java:25)
	at org.mockito.cglib.core.AbstractClassGenerator.create(AbstractClassGenerator.java:217)
	at org.mockito.cglib.core.KeyFactory$Generator.create(KeyFactory.java:145)
	at org.mockito.cglib.core.KeyFactory.create(KeyFactory.java:117)
	at org.mockito.cglib.core.KeyFactory.create(KeyFactory.java:109)
	at org.mockito.cglib.core.KeyFactory.create(KeyFactory.java:105)
	at org.mockito.cglib.proxy.Enhancer.<clinit>(Enhancer.java:70)
	at org.mockito.internal.creation.jmock.ClassImposterizer.createProxyClass(ClassImposterizer.java:77)
	at org.mockito.internal.creation.jmock.ClassImposterizer.imposterise(ClassImposterizer.java:59)
	at org.mockito.internal.util.MockUtil.createMock(MockUtil.java:42)
	at org.mockito.internal.MockitoCore.mock(MockitoCore.java:39)
	at org.mockito.Mockito.mock(Mockito.java:775)
	at org.mockito.Mockito.mock(Mockito.java:671)
	at org.mockitousage.bugs.ActualInvocationHasNullArgumentNPEBugTest.shouldAllowPassingNullArgument(ActualInvocationHasNullArgumentNPEBugTest.java:22)
	at java.base/jdk.internal.reflect.NativeMethodAccessorImpl.invoke0(Native Method)
	at java.base/jdk.internal.reflect.NativeMethodAccessorImpl.invoke(NativeMethodAccessorImpl.java:77)
	at java.base/jdk.internal.reflect.DelegatingMethodAccessorImpl.invoke(DelegatingMethodAccessorImpl.java:43)
	at java.base/java.lang.reflect.Method.invoke(Method.java:569)
	at org.junit.runners.model.FrameworkMethod$1.runReflectiveCall(FrameworkMethod.java:59)
	at org.junit.internal.runners.model.ReflectiveCallable.run(ReflectiveCallable.java:12)
	at org.junit.runners.model.FrameworkMethod.invokeExplosively(FrameworkMethod.java:56)
	at org.junit.internal.runners.statements.InvokeMethod.evaluate(InvokeMethod.java:17)
	at org.junit.internal.runners.statements.RunBefores.evaluate(RunBefores.java:26)
	at org.junit.internal.runners.statements.RunAfters.evaluate(RunAfters.java:27)
	at org.junit.runners.ParentRunner$3.evaluate(ParentRunner.java:306)
	at org.junit.runners.BlockJUnit4ClassRunner$1.evaluate(BlockJUnit4ClassRunner.java:100)
	at org.junit.runners.ParentRunner.runLeaf(ParentRunner.java:366)
	at org.junit.runners.BlockJUnit4ClassRunner.runChild(BlockJUnit4ClassRunner.java:103)
	at org.junit.runners.BlockJUnit4ClassRunner.runChild(BlockJUnit4ClassRunner.java:63)
	at org.junit.runners.ParentRunner$4.run(ParentRunner.java:331)
	at org.junit.runners.ParentRunner$1.schedule(ParentRunner.java:79)
	at org.junit.runners.ParentRunner.runChildren(ParentRunner.java:329)
	at org.junit.runners.ParentRunner.access$100(ParentRunner.java:66)
	at org.junit.runners.ParentRunner$2.evaluate(ParentRunner.java:293)
	at org.junit.runners.ParentRunner$3.evaluate(ParentRunner.java:306)
	at org.junit.runners.ParentRunner.run(ParentRunner.java:413)
	at org.junit.runner.JUnitCore.run(JUnitCore.java:137)
	at logicfl.coverage.JUnit4TestRunner.main(JUnit4TestRunner.java:36)
Caused by: java.lang.reflect.InaccessibleObjectException: Unable to make protected final java.lang.Class java.lang.ClassLoader.defineClass(java.lang.String,byte[],int,int,java.security.ProtectionDomain) throws java.lang.ClassFormatError accessible: module java.base does not "opens java.lang" to unnamed module @78186a70
	at java.base/java.lang.reflect.AccessibleObject.checkCanSetAccessible(AccessibleObject.java:354)
	at java.base/java.lang.reflect.AccessibleObject.checkCanSetAccessible(AccessibleObject.java:297)
	at java.base/java.lang.reflect.Method.checkCanSetAccessible(Method.java:200)
	at java.base/java.lang.reflect.Method.setAccessible(Method.java:194)
	at org.mockito.cglib.core.ReflectUtils$2.run(ReflectUtils.java:57)
	at java.base/java.security.AccessController.doPrivileged(AccessController.java:318)
	at org.mockito.cglib.core.ReflectUtils.<clinit>(ReflectUtils.java:47)
	... 39 more

Store NPE traces to /home/mario/Desktop/LogicFL/defects4j/Mockito-38/result/npe.traces.json
NPE Stack Traces exported to /home/mario/Desktop/LogicFL/defects4j/Mockito-38/result/npe.traces.json

Analyzing Coverage Data...
Covered Classes:[org.mockito.Mockito, org.mockito.internal.stubbing.defaultanswers.GloballyConfiguredAnswer, org.mockito.internal.verification.RegisteredInvocations, org.mockito.internal.configuration.ConfigurationAccess, org.mockito.configuration.DefaultMockitoConfiguration, org.mockito.cglib.core.DefaultNamingPolicy, org.mockito.internal.creation.MethodInterceptorFilter, org.mockito.cglib.core.ReflectUtils$1, org.mockito.cglib.core.KeyFactory$Generator, org.mockito.asm.Type, org.mockito.cglib.core.CollectionUtils, org.mockito.internal.stubbing.MockitoStubber, org.mockito.cglib.core.KeyFactory$1, org.mockito.internal.stubbing.defaultanswers.ReturnsMocks, org.mockito.Matchers, org.mockito.internal.creation.MockSettingsImpl, org.mockito.cglib.core.ClassEmitter, org.mockito.asm.ClassAdapter, org.mockito.asm.ClassWriter, org.mockitoutil.TestBase, org.mockito.configuration.MockitoConfiguration, org.mockito.cglib.proxy.Enhancer, org.mockito.internal.creation.cglib.MockitoNamingPolicy, org.mockito.internal.verification.argumentmatching.ArgumentMatchingToolTest, org.mockito.configuration.MockitoConfiguration$1, org.mockito.internal.matchers.Equals, org.mockito.internal.creation.jmock.ClassImposterizer$2, org.mockito.cglib.core.KeyFactory$2, org.mockito.internal.stubbing.defaultanswers.ReturnsEmptyValues, org.mockito.internal.stubbing.answers.CallsRealMethods, org.mockito.exceptions.Reporter, org.mockito.cglib.core.AbstractClassGenerator, org.mockito.cglib.core.ReflectUtils, org.mockito.internal.configuration.ClassPathLoader, org.mockito.internal.configuration.DefaultAnnotationEngine, org.mockito.internal.util.MockName, org.mockito.cglib.core.DefaultGeneratorStrategy, org.mockito.internal.configuration.GlobalConfiguration, org.mockito.internal.verification.argumentmatching.ArgumentMatchingTool, org.mockito.MockitoAnnotations, org.mockito.internal.invocation.MatchersBinder, org.mockito.internal.creation.jmock.ClassImposterizer$1, org.mockito.asm.Item, org.mockito.cglib.proxy.Enhancer$1, org.mockito.cglib.core.Signature, org.mockitousage.bugs.ActualInvocationHasNullArgumentNPEBugTest, org.mockito.internal.creation.jmock.ClassImposterizer, org.mockito.cglib.core.KeyFactory, org.mockito.internal.progress.ArgumentMatcherStorageImpl, org.mockito.internal.debugging.DebuggingInfo, org.mockito.internal.util.MockUtil, org.mockito.internal.stubbing.defaultanswers.ReturnsMoreEmptyValues, org.mockito.internal.progress.MockingProgressImpl, org.mockito.internal.progress.ThreadSafeMockingProgress, org.mockito.internal.util.CreationValidator, org.mockito.internal.MockitoCore, org.mockito.internal.MockHandler, org.mockito.cglib.core.ReflectUtils$2, org.mockito.cglib.core.AbstractClassGenerator$Source, org.mockito.cglib.core.TypeUtils, org.mockito.ArgumentMatcher, org.mockito.StateMaster, org.mockito.asm.ByteVector, org.mockito.internal.stubbing.defaultanswers.ReturnsSmartNulls, org.mockito.cglib.core.DebuggingClassWriter]
Coverage information exported to /home/mario/Desktop/LogicFL/defects4j/Mockito-38/coverage.json
Collecting coverage complete.
Exec. Time - 00:00:00.975
coverage.sh executed successfully.
Getting configurations from config.properties
Total 55 Target classes.
Analyzing class - org.mockito.ArgumentMatcher
Analyzing class - org.mockito.Matchers
Analyzing class - org.mockito.Mockito
Analyzing class - org.mockito.MockitoAnnotations
Analyzing class - org.mockito.StateMaster
Analyzing class - org.mockito.asm.ByteVector
Cannot read the class. Skip analysis on the class.
Analyzing class - org.mockito.asm.ClassAdapter
Cannot read the class. Skip analysis on the class.
Analyzing class - org.mockito.asm.ClassWriter
Cannot read the class. Skip analysis on the class.
Analyzing class - org.mockito.asm.Item
Cannot read the class. Skip analysis on the class.
Analyzing class - org.mockito.asm.Type
Cannot read the class. Skip analysis on the class.
Analyzing class - org.mockito.cglib.core.AbstractClassGenerator
Cannot read the class. Skip analysis on the class.
Analyzing class - org.mockito.cglib.core.ClassEmitter
Cannot read the class. Skip analysis on the class.
Analyzing class - org.mockito.cglib.core.CollectionUtils
Cannot read the class. Skip analysis on the class.
Analyzing class - org.mockito.cglib.core.DebuggingClassWriter
Cannot read the class. Skip analysis on the class.
Analyzing class - org.mockito.cglib.core.DefaultGeneratorStrategy
Cannot read the class. Skip analysis on the class.
Analyzing class - org.mockito.cglib.core.DefaultNamingPolicy
Cannot read the class. Skip analysis on the class.
Analyzing class - org.mockito.cglib.core.KeyFactory
Cannot read the class. Skip analysis on the class.
Analyzing class - org.mockito.cglib.core.ReflectUtils
Cannot read the class. Skip analysis on the class.
Analyzing class - org.mockito.cglib.core.Signature
Cannot read the class. Skip analysis on the class.
Analyzing class - org.mockito.cglib.core.TypeUtils
Cannot read the class. Skip analysis on the class.
Analyzing class - org.mockito.cglib.proxy.Enhancer
Cannot read the class. Skip analysis on the class.
Analyzing class - org.mockito.configuration.DefaultMockitoConfiguration
Analyzing class - org.mockito.configuration.MockitoConfiguration
Analyzing class - org.mockito.exceptions.Reporter
Analyzing class - org.mockito.internal.MockHandler
Analyzing class - org.mockito.internal.MockitoCore
Analyzing class - org.mockito.internal.configuration.ClassPathLoader
Analyzing class - org.mockito.internal.configuration.ConfigurationAccess
Analyzing class - org.mockito.internal.configuration.DefaultAnnotationEngine
Analyzing class - org.mockito.internal.configuration.GlobalConfiguration
Analyzing class - org.mockito.internal.creation.MethodInterceptorFilter
Analyzing class - org.mockito.internal.creation.MockSettingsImpl
Analyzing class - org.mockito.internal.creation.cglib.MockitoNamingPolicy
Analyzing class - org.mockito.internal.creation.jmock.ClassImposterizer
Analyzing class - org.mockito.internal.debugging.DebuggingInfo
Analyzing class - org.mockito.internal.invocation.MatchersBinder
Analyzing class - org.mockito.internal.matchers.Equals
Analyzing class - org.mockito.internal.progress.ArgumentMatcherStorageImpl
Analyzing class - org.mockito.internal.progress.MockingProgressImpl
Analyzing class - org.mockito.internal.progress.ThreadSafeMockingProgress
Analyzing class - org.mockito.internal.stubbing.MockitoStubber
Analyzing class - org.mockito.internal.stubbing.answers.CallsRealMethods
Analyzing class - org.mockito.internal.stubbing.defaultanswers.GloballyConfiguredAnswer
Analyzing class - org.mockito.internal.stubbing.defaultanswers.ReturnsEmptyValues
Analyzing class - org.mockito.internal.stubbing.defaultanswers.ReturnsMocks
Analyzing class - org.mockito.internal.stubbing.defaultanswers.ReturnsMoreEmptyValues
Analyzing class - org.mockito.internal.stubbing.defaultanswers.ReturnsSmartNulls
Analyzing class - org.mockito.internal.util.CreationValidator
Analyzing class - org.mockito.internal.util.MockName
Analyzing class - org.mockito.internal.util.MockUtil
Analyzing class - org.mockito.internal.verification.RegisteredInvocations
Analyzing class - org.mockito.internal.verification.argumentmatching.ArgumentMatchingTool
Analyzing class - org.mockito.internal.verification.argumentmatching.ArgumentMatchingToolTest
Analyzing class - org.mockitousage.bugs.ActualInvocationHasNullArgumentNPEBugTest
Analyzing class - org.mockitoutil.TestBase
Compilation successful!
FL Facts are exported to /home/mario/Desktop/LogicFL/defects4j/Mockito-38/result/logic-fl.pl
Code Facts are exported to /home/mario/Desktop/LogicFL/defects4j/Mockito-38/result/code-facts.pl
Line matching information exported to /home/mario/Desktop/LogicFL/defects4j/Mockito-38/result/line.info.json
Exec. Time - 00:00:08.001
static_analyzer.sh executed successfully.
Getting configurations from config.properties
Load configurations from config.properties
Executing command - /usr/bin/java -Xms256m -Xmx1024m -classpath /home/mario/Desktop/LogicFL/defects4j/Mockito-38/result/classes:lib/*:../../d4j-lib/Mockito/lib/asm-all-5.0.4.jar:../../d4j-lib/Mockito/lib/assertj-core-2.1.0.jar:../../d4j-lib/Mockito/lib/cglib-and-asm-1.0.jar:../../d4j-lib/Mockito/lib/cobertura-2.0.3.jar:../../d4j-lib/Mockito/lib/fest-assert-1.3.jar:../../d4j-lib/Mockito/lib/fest-util-1.1.4.jar:../../d4j-lib/Mockito/lib/hamcrest-all-1.3.jar:../../d4j-lib/Mockito/lib/hamcrest-core-1.1.jar:../../d4j-lib/Mockito/lib/objenesis-2.1.jar:../../d4j-lib/Mockito/lib/objenesis-2.2.jar:../../d4j-lib/Mockito/lib/powermock-reflect-1.2.5.jar:../../lib/* logicfl.coverage.JUnit4TestRunner config.properties true /home/mario/Desktop/LogicFL/defects4j/Mockito-38/result/probe.npe.traces.json /home/mario/Desktop/LogicFL/defects4j/Mockito-38/tests.json
Load configurations from config.properties
Loading test information from /home/mario/Desktop/LogicFL/defects4j/Mockito-38/tests.json
Test execution summary:
Tests executed - 2
Tests succeeded - 0
Tests failed - 2
shouldWorkFineWhenGivenArgIsNull(org.mockito.internal.verification.argumentmatching.ArgumentMatchingToolTest): Cannot invoke "Object.toString()" because "p_arg_318_line_48" is null
Cannot invoke "Object.toString()" because "p_arg_318_line_48" is null
java.lang.NullPointerException: Cannot invoke "Object.toString()" because "p_arg_318_line_48" is null
	at org.mockito.internal.verification.argumentmatching.ArgumentMatchingTool.toStringEquals(ArgumentMatchingTool.java:71)
	at org.mockito.internal.verification.argumentmatching.ArgumentMatchingTool.getSuspiciouslyNotMatchingArgsIndexes(ArgumentMatchingTool.java:42)
	at org.mockito.internal.verification.argumentmatching.ArgumentMatchingToolTest.shouldWorkFineWhenGivenArgIsNull(ArgumentMatchingToolTest.java:86)
	at java.base/jdk.internal.reflect.NativeMethodAccessorImpl.invoke0(Native Method)
	at java.base/jdk.internal.reflect.NativeMethodAccessorImpl.invoke(NativeMethodAccessorImpl.java:77)
	at java.base/jdk.internal.reflect.DelegatingMethodAccessorImpl.invoke(DelegatingMethodAccessorImpl.java:43)
	at java.base/java.lang.reflect.Method.invoke(Method.java:569)
	at org.junit.runners.model.FrameworkMethod$1.runReflectiveCall(FrameworkMethod.java:59)
	at org.junit.internal.runners.model.ReflectiveCallable.run(ReflectiveCallable.java:12)
	at org.junit.runners.model.FrameworkMethod.invokeExplosively(FrameworkMethod.java:56)
	at org.junit.internal.runners.statements.InvokeMethod.evaluate(InvokeMethod.java:17)
	at org.junit.internal.runners.statements.RunBefores.evaluate(RunBefores.java:26)
	at org.junit.internal.runners.statements.RunAfters.evaluate(RunAfters.java:27)
	at org.junit.runners.ParentRunner$3.evaluate(ParentRunner.java:306)
	at org.junit.runners.BlockJUnit4ClassRunner$1.evaluate(BlockJUnit4ClassRunner.java:100)
	at org.junit.runners.ParentRunner.runLeaf(ParentRunner.java:366)
	at org.junit.runners.BlockJUnit4ClassRunner.runChild(BlockJUnit4ClassRunner.java:103)
	at org.junit.runners.BlockJUnit4ClassRunner.runChild(BlockJUnit4ClassRunner.java:63)
	at org.junit.runners.ParentRunner$4.run(ParentRunner.java:331)
	at org.junit.runners.ParentRunner$1.schedule(ParentRunner.java:79)
	at org.junit.runners.ParentRunner.runChildren(ParentRunner.java:329)
	at org.junit.runners.ParentRunner.access$100(ParentRunner.java:66)
	at org.junit.runners.ParentRunner$2.evaluate(ParentRunner.java:293)
	at org.junit.runners.ParentRunner$3.evaluate(ParentRunner.java:306)
	at org.junit.runners.ParentRunner.run(ParentRunner.java:413)
	at org.junit.runner.JUnitCore.run(JUnitCore.java:137)
	at logicfl.coverage.JUnit4TestRunner.main(JUnit4TestRunner.java:36)

shouldAllowPassingNullArgument(org.mockitousage.bugs.ActualInvocationHasNullArgumentNPEBugTest): null
null
java.lang.ExceptionInInitializerError
	at org.mockito.cglib.core.KeyFactory$Generator.generateClass(KeyFactory.java:167)
	at org.mockito.cglib.core.DefaultGeneratorStrategy.generate(DefaultGeneratorStrategy.java:25)
	at org.mockito.cglib.core.AbstractClassGenerator.create(AbstractClassGenerator.java:217)
	at org.mockito.cglib.core.KeyFactory$Generator.create(KeyFactory.java:145)
	at org.mockito.cglib.core.KeyFactory.create(KeyFactory.java:117)
	at org.mockito.cglib.core.KeyFactory.create(KeyFactory.java:109)
	at org.mockito.cglib.core.KeyFactory.create(KeyFactory.java:105)
	at org.mockito.cglib.proxy.Enhancer.<clinit>(Enhancer.java:70)
	at org.mockito.internal.creation.jmock.ClassImposterizer.createProxyClass(ClassImposterizer.java:111)
	at org.mockito.internal.creation.jmock.ClassImposterizer.imposterise(ClassImposterizer.java:82)
	at org.mockito.internal.util.MockUtil.createMock(MockUtil.java:88)
	at org.mockito.internal.MockitoCore.mock(MockitoCore.java:45)
	at org.mockito.Mockito.mock(Mockito.java:775)
	at org.mockito.Mockito.mock(Mockito.java:671)
	at org.mockitousage.bugs.ActualInvocationHasNullArgumentNPEBugTest.shouldAllowPassingNullArgument(ActualInvocationHasNullArgumentNPEBugTest.java:22)
	at java.base/jdk.internal.reflect.NativeMethodAccessorImpl.invoke0(Native Method)
	at java.base/jdk.internal.reflect.NativeMethodAccessorImpl.invoke(NativeMethodAccessorImpl.java:77)
	at java.base/jdk.internal.reflect.DelegatingMethodAccessorImpl.invoke(DelegatingMethodAccessorImpl.java:43)
	at java.base/java.lang.reflect.Method.invoke(Method.java:569)
	at org.junit.runners.model.FrameworkMethod$1.runReflectiveCall(FrameworkMethod.java:59)
	at org.junit.internal.runners.model.ReflectiveCallable.run(ReflectiveCallable.java:12)
	at org.junit.runners.model.FrameworkMethod.invokeExplosively(FrameworkMethod.java:56)
	at org.junit.internal.runners.statements.InvokeMethod.evaluate(InvokeMethod.java:17)
	at org.junit.internal.runners.statements.RunBefores.evaluate(RunBefores.java:26)
	at org.junit.internal.runners.statements.RunAfters.evaluate(RunAfters.java:27)
	at org.junit.runners.ParentRunner$3.evaluate(ParentRunner.java:306)
	at org.junit.runners.BlockJUnit4ClassRunner$1.evaluate(BlockJUnit4ClassRunner.java:100)
	at org.junit.runners.ParentRunner.runLeaf(ParentRunner.java:366)
	at org.junit.runners.BlockJUnit4ClassRunner.runChild(BlockJUnit4ClassRunner.java:103)
	at org.junit.runners.BlockJUnit4ClassRunner.runChild(BlockJUnit4ClassRunner.java:63)
	at org.junit.runners.ParentRunner$4.run(ParentRunner.java:331)
	at org.junit.runners.ParentRunner$1.schedule(ParentRunner.java:79)
	at org.junit.runners.ParentRunner.runChildren(ParentRunner.java:329)
	at org.junit.runners.ParentRunner.access$100(ParentRunner.java:66)
	at org.junit.runners.ParentRunner$2.evaluate(ParentRunner.java:293)
	at org.junit.runners.ParentRunner$3.evaluate(ParentRunner.java:306)
	at org.junit.runners.ParentRunner.run(ParentRunner.java:413)
	at org.junit.runner.JUnitCore.run(JUnitCore.java:137)
	at logicfl.coverage.JUnit4TestRunner.main(JUnit4TestRunner.java:36)
Caused by: java.lang.reflect.InaccessibleObjectException: Unable to make protected final java.lang.Class java.lang.ClassLoader.defineClass(java.lang.String,byte[],int,int,java.security.ProtectionDomain) throws java.lang.ClassFormatError accessible: module java.base does not "opens java.lang" to unnamed module @38437b76
	at java.base/java.lang.reflect.AccessibleObject.checkCanSetAccessible(AccessibleObject.java:354)
	at java.base/java.lang.reflect.AccessibleObject.checkCanSetAccessible(AccessibleObject.java:297)
	at java.base/java.lang.reflect.Method.checkCanSetAccessible(Method.java:200)
	at java.base/java.lang.reflect.Method.setAccessible(Method.java:194)
	at org.mockito.cglib.core.ReflectUtils$2.run(ReflectUtils.java:57)
	at java.base/java.security.AccessController.doPrivileged(AccessController.java:318)
	at org.mockito.cglib.core.ReflectUtils.<clinit>(ReflectUtils.java:47)
	... 39 more

Store NPE traces to /home/mario/Desktop/LogicFL/defects4j/Mockito-38/result/probe.npe.traces.json
NPE Stack Traces exported to /home/mario/Desktop/LogicFL/defects4j/Mockito-38/result/probe.npe.traces.json


val(p_arg_318, null, line(argument_matching_tool_1, 48)).


Exec. Time - 00:00:01.255
dynamic_analyzer.sh executed successfully.
Getting configurations from config.properties
Running Fault Localizer with
Rules: ../../lib/npe-rules.pl
Facts: /home/mario/Desktop/LogicFL/defects4j/Mockito-38/result/logic-fl.pl
Code Facts: /home/mario/Desktop/LogicFL/defects4j/Mockito-38/result/code-facts.pl
consult Succeeded
NPE at line(argument_matching_tool_1, 48) / Null Expression p_arg_318[arg]
	can be caused by 
p_arg_318[arg] at line(argument_matching_tool_1, 48).

Total 1 Identified Fault Locations for NPE.
Exec. Time - 00:00:00.146
localizer.sh executed successfully.
All scripts executed successfully.
Test results (Mockito-38):
  Passed test classes: 4
  Failed test classes: 3
  Failed tests: 2
  Failed test list:
    - org.mockito.internal.verification.argumentmatching.ArgumentMatchingToolTest::shouldWorkFineWhenGivenArgIsNull
    - org.mockitousage.bugs.ActualInvocationHasNullArgumentNPEBugTest::shouldAllowPassingNullArgument
Completed: Mockito-38
========================================

Selected LogicFL runs completed.
----------------------------------------
Aggregate test summary (selected bugs):
  Bugs with tests.json: 7
  Bugs without tests.json: 0
  Total passed test classes: 32
  Total failed test classes: 25
  Total failed tests: 49
